-- phpMyAdmin SQL Dump
-- version 5.2.1
-- https://www.phpmyadmin.net/
--
-- Host: 127.0.0.1:3306
-- Waktu pembuatan: 15 Des 2023 pada 07.23
-- Versi server: 8.0.35-0ubuntu0.22.04.1
-- Versi PHP: 8.1.26

SET SQL_MODE = "NO_AUTO_VALUE_ON_ZERO";
START TRANSACTION;
SET time_zone = "+00:00";


/*!40101 SET @OLD_CHARACTER_SET_CLIENT=@@CHARACTER_SET_CLIENT */;
/*!40101 SET @OLD_CHARACTER_SET_RESULTS=@@CHARACTER_SET_RESULTS */;
/*!40101 SET @OLD_COLLATION_CONNECTION=@@COLLATION_CONNECTION */;
/*!40101 SET NAMES utf8mb4 */;

--
-- Database: `camply`
--

-- --------------------------------------------------------

--
-- Struktur dari tabel `detail_penjualan`
--

CREATE TABLE `detail_penjualan` (
  `id_pemesanan` int NOT NULL,
  `id_produk` int NOT NULL,
  `ukuran_produk` varchar(11) COLLATE utf8mb4_general_ci NOT NULL,
  `jumlah_produk` int NOT NULL
) ENGINE=InnoDB DEFAULT CHARSET=utf8mb4 COLLATE=utf8mb4_general_ci;

--
-- Dumping data untuk tabel `detail_penjualan`
--

INSERT INTO `detail_penjualan` (`id_pemesanan`, `id_produk`, `ukuran_produk`, `jumlah_produk`) VALUES
(1, 10, 'L', 1),
(2, 15, 'L', 1),
(3, 7, 'L', 1),
(4, 11, 'L', 1),
(5, 14, 'L', 1),
(6, 15, 'L', 1),
(7, 7, 'L', 2),
(8, 4, 'L', 1),
(9, 9, 'L', 1),
(10, 9, '3', 1),
(11, 4, '3', 1),
(12, 4, '3', 1),
(13, 4, '3', 1),
(14, 5, 'L', 1),
(15, 16, 'L', 1),
(16, 17, 'L', 1),
(17, 4, 'L', 1),
(18, 11, 'L', 1),
(19, 9, 'L', 1),
(20, 4, 'L', 1),
(21, 4, '3', 1),
(22, 4, 'XL', 1),
(23, 4, '5', 3),
(24, 4, 'L', 1),
(25, 10, 'L', 1),
(26, 4, 'XL', 1),
(27, 4, '5', 1),
(28, 6, 'XL', 2),
(29, 21, '3', 1),
(30, 8, 'L', 1);

-- --------------------------------------------------------

--
-- Struktur dari tabel `kategori`
--

CREATE TABLE `kategori` (
  `id_kategori` int NOT NULL,
  `nama_kategori` varchar(100) COLLATE utf8mb4_general_ci NOT NULL
) ENGINE=InnoDB DEFAULT CHARSET=utf8mb4 COLLATE=utf8mb4_general_ci;

--
-- Dumping data untuk tabel `kategori`
--

INSERT INTO `kategori` (`id_kategori`, `nama_kategori`) VALUES
(1, 'man'),
(2, 'woman'),
(3, 'kids'),
(4, 'general');

-- --------------------------------------------------------

--
-- Struktur dari tabel `pembayaran`
--

CREATE TABLE `pembayaran` (
  `id_pembayaran` int NOT NULL,
  `id_pembelian` int NOT NULL,
  `total_pembayaran` decimal(7,0) NOT NULL,
  `bukti_pembayaran` blob NOT NULL,
  `konfirmasi` tinyint(1) NOT NULL
) ENGINE=InnoDB DEFAULT CHARSET=utf8mb4 COLLATE=utf8mb4_general_ci;

-- --------------------------------------------------------

--
-- Struktur dari tabel `penjualan`
--

CREATE TABLE `penjualan` (
  `id_pembelian` int NOT NULL,
  `id_user` int NOT NULL,
  `tanggal_pembelian` date NOT NULL,
  `alamat_pengiriman` varchar(500) COLLATE utf8mb4_general_ci NOT NULL
) ENGINE=InnoDB DEFAULT CHARSET=utf8mb4 COLLATE=utf8mb4_general_ci;

-- --------------------------------------------------------

--
-- Struktur dari tabel `produk`
--

CREATE TABLE `produk` (
  `id_produk` int NOT NULL,
  `nama_produk` varchar(100) COLLATE utf8mb4_general_ci NOT NULL,
  `stok_produk` int NOT NULL,
  `harga_produk` decimal(7,0) NOT NULL,
  `deskripsi_produk` varchar(2000) COLLATE utf8mb4_general_ci NOT NULL,
  `id_kategori` int NOT NULL,
  `gambar_produk` varchar(255) COLLATE utf8mb4_general_ci NOT NULL
) ENGINE=InnoDB DEFAULT CHARSET=utf8mb4 COLLATE=utf8mb4_general_ci;

--
-- Dumping data untuk tabel `produk`
--

INSERT INTO `produk` (`id_produk`, `nama_produk`, `stok_produk`, `harga_produk`, `deskripsi_produk`, `id_kategori`, `gambar_produk`) VALUES
(4, 'Tenda Camping Arpenaz 4.1 Tenda Kemah Untuk 4 Orang', 999, 2500000, 'Tim camping kami telah merancang tenda Arpenaz 4.1 dengan tiang ini, untuk menampung hingga empat orang yang menginginkan ruang tidur dan ruang tamu yang luas.\r\n\r\nTenda sederhana dengan ruang tamu berdiri. Pilihan terbaik untuk perjalanan berkemah dengan pasangan, keluarga atau teman-teman.\r\n\r\nKain utama: 100.0% Polyethylene Terephtalate (PET); Tiang: 100.0% Kaca - Serat (FG); Ruang dalam: 100.0% Polyethylene Terephtalate (PET); Keset lantai : 100.0% Polyethylene High Density (HDPE); Tas jinjing: 100.0% Polyethylene Terephtalate (PET)', 4, 'https://contents.mediadecathlon.com/p2182995/k$4159eced08c84da7918c0053c52442c3/arpenaz-41-tent-with-tent-poles-4-people-1-bedroom.jpg?format=auto&quality=70&f=1366x1366'),
(5, 'Kursi Lipat Kemah Quechua - Basic Armchair', 999, 280000, 'Kursi lipat ini memberikan kenyamanan duduk saat berkemah.Tak lupa dilengkapi dengan tempat gelas.\r\n\r\nKursi lipat kami dapat dilipat dengan mudah dan cepat, menempati sedikit ruang saat dilipat.Tali bawaan memungkinkan Anda membawa kursi Anda ke mana pun Anda mau.\r\n\r\nStruktur: 7.0% Polyamide (PA), 93.0% BAJA; Kain utama: 100.0% Polyethylene Terephtalate (PET); Jaring: 100.0% Polipropilena (PP)', 4, 'https://contents.mediadecathlon.com/p1749361/k$96ca9266b4a34d7c1099b146f89eb230/folding-armchair-for-camping-grey.jpg?format=auto&quality=70&f=1366x1366'),
(6, 'Ransel Hiking Anak-anak MH100 10 Liter', 999, 170000, 'Desainer pendaki kami mengembangkan ransel 10 liter ini sehingga anak Anda dapat bersenang-senang di segala kegiatan saat cuaca cerah\r\n\r\nSempurna untuk berpetualang, tas ini ringan dengan punggung yang sesuai untuk pendaki muda Ransel ini nyaman dan praktis berkat bukaan tengah yang lebar serta saku ritsleting di bagian depan.\r\n\r\nKain utama: 100.0% Polyethylene Terephtalate (PET); Lis: 100.0% Polyethylene Terephtalate (PET); Kain belakang : 100.0% Polyethylene Terephtalate (PET); Jaket: 100.0% Poliuretan (PU); Saku: 15.0% Elastane, 85.0% Polyamide (PA); Jaring: 100.0% Polyethylene Terephtalate (PET)', 3, 'https://contents.mediadecathlon.com/p1760811/k$1fb1fd25afa6c60dbb79e08a1e3ea4f6/ransel-hiking-anak-anak-mh100-10-liter.jpg?format=auto&quality=70&f=1366x1366'),
(7, 'Karpet selimut hiking ringkas dibawa piknik dan bertamasya - 146 x 120 cm', 999, 120000, 'Tim kami merancang selimut ringkas ini untuk melindungi 4 orang dari dingin dan kotoran dari tanah.\r\n\r\nSangat cocok untuk piknik atau istirahat saat hiking, berukuran 146 x 120 cm setelah dibuka. Ringan saat dilipat ke dalam kantong dan tidak memakan banyak ruang di dalam tas.\r\n\r\nKain utama: 100.0% Polyethylene Terephtalate (PET); Jaket: 100.0% Poliuretan (PU)', 4, 'https://contents.mediadecathlon.com/p2431726/k$810c71f525142bf439386012aaa7817f/karpet-selimut-hiking-ringkas-dibawa-piknik-dan-bertamasya-146-x-120-cm.jpg?format=auto&quality=70&f=1366x1366'),
(8, 'Hammock Satu Orang Basic 300 x 150 cm - 1 Orang', 999, 230000, 'Desainer camping kami merancang hammock Basic praktis dan serbaguna ini untuk berkemah di bumi perkemahan atau di alam.\r\n\r\nMotivasi kami? Menyediakan hammock multiguna untuk tidur nyaman di mana saja! Sangat ringan dan sangat mudah untuk dipasang.\r\n\r\nKain utama: 100.0% Polyethylene Terephtalate (PET); Tas jinjing: 100.0% Polyethylene Terephtalate (PET)', 4, 'https://contents.mediadecathlon.com/p1848117/k$2526dbf59768efdbf4875dc07f0a30cb/hammock-satu-orang-basic-300-x-152-cm-1-orang.jpg?format=auto&quality=70&f=1366x1366'),
(9, 'KOMPAS PENINJAU DERAJAT DAN JARAK EXPLORER 900', 999, 400000, 'Kami mendesain kompas yang lengkap dan kuat untuk orienteering yang akurat di alam selama pendakian, trek dan ekspedisi.\r\n\r\nNikmati petualangan Anda! Kompas pengamatan dengan bearing akurat dan kapsul menjamin derajat dan jarak yang tepat. Tahan lama berkat tutup pelindung.\r\n\r\nPapan: 100.0% Polymethyl Methacrylate (PMMA); Lapisan Pelindung: 100.0% Akrilonitril butadiena stiren (ABS); Tali: 100.0% Polyethylene Terephtalate (PET)', 4, 'https://contents.mediadecathlon.com/p2439715/k$8b4310b5c049cbaa08d086dda6b918ba/explorer-900-sighting-compass-in-degrees-and-mils.jpg?format=auto&quality=70&f=1366x1366'),
(10, 'Tongkat Untuk Mendaki F500 Antishock grey', 999, 380000, 'Tongkat yang akan memudahkan anda dalam perjalanan pendaikian yang terjal.\r\n\r\nTongkat ini terbuat dari bahan berikut:\r\nPegangan dari foam ekstra padat yang lebih tahan lama\r\n197 g in size 5.5.\r\nUjung tahan lama (karbit tungsten).\r\nSistem pengaturan internal dengan sekrup\r\nPanjang: 63 cm -130 cm\r\n3 bagian.\r\nPanjang saat terlipat: 63 cm,\r\npanjang maksimal saat dipakai: 130 cm.', 4, 'https://contents.mediadecathlon.com/p2572976/k$b1988d4acaedd1e6077fd776e3a7647d/1-x-forclaz-500-antishock-hiking-pole-grey-blue.jpg?format=auto&quality=70&f=1366x1366'),
(11, 'Ransel hiking 23L - NH Escape 500 Rolltop', 999, 650000, 'Desainer pendaki kami telah merancang ransel 23L rolltop NH Escape 500 ini dengan penutup untuk mendaki atau dipakai setiap hari.\r\n\r\nMotivasi kami? Menawarkan ransel yang nyaman dan pintar, lebih ramah lingkungan, berkat kompartemen utamanya yang dapat diperluas dengan penutup, 13 kantong, dan fungsi pintar\r\n\r\nBagian belakang busa tebal 5 bantalan dan tali bahu | Tali pengencang dan bahu yang dapat disesuaikan\r\nVolume dapat disesuaikan 23 L - 27 L | Dimensi: 46 x 28 x 22 cm | Format tas tangan\r\n1 kompartemen | 13 saku: 5 ritsleting, 2 tempat botol 0,8 L, 1 kantong laptop 15”', 4, 'https://contents.mediadecathlon.com/p2183126/k$81212797981dcb0c583c22eca3265f98/hiking-backpack-23l-nh-escape-500-rolltop.jpg?format=auto&quality=70&f=1366x1366'),
(12, 'Goliath Auto Carabiner - Black', 999, 280000, 'Karabiner dengan pengunci otomatis untuk keamanan ekstra saat mendaki.\r\n\r\nKarabiner dengan pengunci otomatis untuk keamanan ekstra saat mendaki. Manuver tali yang lebih mudah berkat HMS ergonomis berbentuk pir dan bukaan yang lebih lebar.\r\n\r\nStruktur: 1.0% BAJA, 99.0% [EN] Aluminium', 4, 'https://contents.mediadecathlon.com/p881341/k$50a38979a80e37446a9841531d4ba9f4/goliath-hms-auto-snap-hook-for-climbing-and-mountaineering-black.jpg?format=auto&quality=70&f=1366x1366'),
(13, 'HELM PANJAT TEBING DAN MENDAKI GUNUNG - EDGE PUTIH/MERAH', 999, 600000, 'EDGE adalah helm yang sangat ringan yang didesain untuk memanjat tebing dan mendaki gunung.\r\n\r\nPas di kepala, cocok untuk panjat tebing. Berventilasi baik, dapat dipakai panjat tebing dengan nyaman saat musim panas.\r\n\r\nBusa keras: 100.0% Polystyrene (PS); Peluru: 100.0% Polikarbonat (PC); Logam pengkait: 100.0% Polyamide 11 (PA11)', 4, 'https://contents.mediadecathlon.com/p2424713/k$0ff30e3a1e3d4b0896eff987e5b738ca/helm-panjat-tebing-dan-mendaki-gunung-edge-putihslashmerah.jpg?format=auto&quality=70&f=1366x1366'),
(14, 'Arpenaz 50 Mid Men\'s Hiking Boots - Hitam', 999, 290000, 'Sepatu hiking ini didesain untuk berjalan di belantara! Sol karetnya meningkatkan masa pakai sepatu.\r\n\r\n322 g per sepatu dengan ukuran 9!\r\nSol Crosscontact untuk cengkeraman optimal pada medan alami.\r\nSisipan EVA pada tumit untuk peredaman benturan di jalur dataran rendah.', 1, 'https://contents.mediadecathlon.com/p1211067/k$f5e6247d6c830bbc1259cf1078081c92/men-s-nh100-country-walking-shoes-black.jpg?format=auto&quality=70&f=1366x1366'),
(15, 'Jaket Perlindungan UV Hiking Pria - HELIUM 100', 999, 450000, 'Desain untuk para hiker alam bebas dan hiking di cuaca cerah. Melindungi Anda dari UVA/UVB sinar matahari. Selain itu, produk ringan dan nyaman.\r\n\r\nUPF 40+, Ringan (110 g dalam ukuran L) compact, benar-benar juaranya jaket hiking. Menahan angin dan panas untuk perjalanan luar ruangan Anda.\r\n\r\nKain utama: 100.0% Polyethylene Terephtalate (PET)', 1, 'https://contents.mediadecathlon.com/p2241843/k$7ce53e4625eafdc107c7202325c5e926/mens-hiking-uv-protection-jacket-helium100.jpg?format=auto&quality=70&f=1366x1366'),
(16, 'Rain-cut Celana Panjang Mendaki Tahan Hujan Pria - Hitam', 999, 200000, 'Overtrouser hiking yang sederhana, ringkas, dan tahan air ini bisa diselipkan ke dalam tas bersamaan dengan jaket anti-air untuk melindungi Anda dari hujan!\r\n\r\nLapisan coating anti-air (2,000 mm). Kelim tertutup sempurna.\r\nLapisan hidrofilik (RET=12): membatasi pengembunan di bagian dalam pakaian.', 1, 'https://contents.mediadecathlon.com/p1060502/k$ee04f3e3e0b0827ab69065ca95bac71c/nh500-protect-mens-country-walking-waterproof-over-trousers-black.jpg?format=auto&quality=70&f=1366x1366'),
(17, 'Scarf Bulat Pelindung Leher Bahan Wol Merino - Biru', 999, 200000, 'Tim desain kami merancang scarf dari bahan wol Merino untuk melindungi Anda dari angin dan suhu dingin di alam terbuka.\r\n\r\nWol Merino jika Anda membutuhkan penghangat badan yang ringkas dan serbaguna.\r\n\r\nKain utama: 11.0% Polyamide (PA), 89.0% Wol', 1, 'https://contents.mediadecathlon.com/p1770503/k$287393a48af99e603e8ddef2a70afef5/trek-500-mountain-trekking-multi-position-merino-wool-headband-blue.jpg?format=auto&quality=70&f=1366x1366'),
(18, 'Topi Wol Merino Trekking gunung Trek 500 - Hitam\r\n Terjual 66 buah.', 999, 200000, 'Tim Trekker kami membayangkan topi wol merino ini untuk melindungi Anda dari hawa dingin selama trekking bivak.\r\n\r\nWol Merino, saat Anda menginginkan kehangatan dan desain yang ringkas!', 1, 'https://contents.mediadecathlon.com/p1793828/k$4fcb019a6aa8ac686dbd0516411816e9/trek-500-mountain-trekking-merino-wool-hat-blue.jpg?format=auto&quality=70&f=1366x1366'),
(19, 'Men\'s Recycled Synthetic Short-Sleeved Hiking T-Shirt MH100', 999, 130000, 'Di kaki gunung Mont Blanc, tim penggemar kami merancang kaos ramah lingkungan dan menyerap keringat ini untuk pendakian gunung berkala\r\n\r\nDesain ramah lingkungan, dibuat dari poliester daur ulang.Kaos sempurna untuk pendakian gunung pertama!\r\n\r\nKain utama: 100.0% Polyethylene Terephtalate (PET); Kerah: 23.0% Elastane, 77.0% Polyamide (PA)', 1, 'https://contents.mediadecathlon.com/p1950008/k$b265751814fb6afc3a65af3c5fcc2040/mh100-men-s-mountain-walking-short-sleeved-shirt-dark-grey.jpg?format=auto&quality=70&f=1366x1366'),
(20, 'Kaus Kaki Hiking 100 Mid 2 Pak - hitam', 999, 80000, 'Desainer kami telah mendesain kaus kaki ini secara ramah lingkungan untuk pejalan kaki yang mencari kaus kaki yang nyaman dan berpori.\r\n\r\nKatun dan linen organik memberikan kenyamanan alami sedangkan penambahan serat sintetis membuat kaki Anda tetap kering. Kemasan 2 pasang\r\n\r\nKaus kaki: 41.0% Katun, 3.0% Elastane, 49.0% Polyamide (PA), 7.0% Linen', 1, 'https://contents.mediadecathlon.com/p2147685/k$45527b34984e21918dce3c71820b62d6/sock-hike-100-mid-pack-of-2-pairs-coral-and-grey.jpg?format=auto&quality=70&f=1366x1366'),
(21, 'TREK 700 topi trekking gunung abu gelap', 999, 135000, 'Tim pendaki gunung kami yang bersemangat merancang topi ini untuk trekking gunung.\r\n\r\nLubang ventilasi topi dapat mengurangi dampak panas dengan memungkinkan udara bersirkulasi saat mendaki di bawah teriknya cahaya matahari.\r\n\r\nKain utama: 100.0% Polyamide (PA); Kerah: 100.0% Polyethylene Terephtalate (PET)', 1, 'https://contents.mediadecathlon.com/p1332364/k$5ed6de00100c91affa2c16959fccb101/trek-700-mountain-trekking-cap-dark-grey.jpg?format=auto&quality=70&f=1366x1366'),
(22, 'Sarung Tangan Mitten Pendaki Gunung Trek 500 - Hitam', 999, 220000, 'Sarung tangan yang hangat dan tahan angin ini untuk kenyamanan trekking di cuaca dingin dan berangin, dengan tetap mempertahankan ketangkasan yang relatif baik.\r\n\r\nBerkat umpan balik Anda pada model lama, sarung tangan ini lebih mudah dilepas (bahkan saat basah) dan memiliki lapisan fleece brush yang meningkatkan rasa hangat.\r\n\r\nKain utama: 100.0% Polyethylene Terephtalate (PET); Telapak tangan: 60.0% Polyamide (PA), 40.0% Poliuretan (PU); Pergelangan: 15.0% Elastane, 85.0% Polyethylene Terephtalate (PET); Lis utama: 15.0% Elastane, 85.0% Polyethylene Terephtalate (PET); Lis kedua: 100.0% Polyethylene Terephtalate (PET)', 1, 'https://contents.mediadecathlon.com/p1223460/k$c73ffff18a859faf8202f7ba7426a920/mountain-trekking-mitten-gloves-trek-500-black.jpg?format=auto&quality=70&f=1366x1366'),
(23, 'Topi Anti Air Trekking Gunung Trek 900 - Abu-abu Terang', 999, 370000, 'Tim trekking dan hiking kami telah mendesain topi ini untuk melindungi Anda dari hujan saat perjalanan\r\n\r\nHujan tidak akan menghalangi Anda berkat topi trekking tahan air ini!\r\n\r\nKain utama: 100.0% Polyethylene Terephtalate (PET); Membran: 100.0% Poliuretan (PU); Kain dalam: 100.0% Polyethylene Terephtalate (PET)', 1, 'https://contents.mediadecathlon.com/p1574207/k$2695fe8c8c8cc611481c7bcb8580630b/trek-900-mountain-trekking-waterproof-hat-light-grey.jpg?format=auto&quality=70&f=1366x1366'),
(24, 'Jaket perlindungan UV Hiking Wanita - HELIUM 100', 999, 450000, 'Desain untuk pejalan kaki di alam dan hiking di cuaca cerah. Melindungi Anda dari UVA/UVB sinar matahari. Selain itu, produk juga ringan dan nyaman\r\n\r\nWindbreaker hiking dengan UPF 40+ yang ringan dan ringkas (110 g dalam ukuran L). Menahan angin dan panas untuk perjalanan luar ruangan Anda.', 2, 'https://contents.mediadecathlon.com/p2242716/k$68a7ad9c6fe71caf2022c956d2efd1c9/womens-hiking-uv-protection-jacket-helium-100.jpg?format=auto&quality=70&f=1366x1366'),
(25, 'Celana Panjang Trekking Anti Nyamuk Wanita Tropic 900 - hijau', 999, 800000, 'Tim penggemar Tropical Trekking kami telah mengembangkan celana panjang anti nyamuk yang akan melindungi Anda selama bertualang!\r\n\r\nCelana ringan dan tahan lama, dengan ritsleting ventilasi dan pelindung kaki terintegrasi untuk melindungi Anda dari serangga selama ekspedisi di hutan.\r\n\r\nKain utama: 14.0% Elastane, 86.0% Polyamide (PA); Lis utama: 100.0% Polyethylene Terephtalate (PET); Kain pinggang: 100.0% Polyethylene Terephtalate (PET); Lapisan hem: 20.0% Elastane, 80.0% Polyamide (PA)', 2, 'https://contents.mediadecathlon.com/p1938434/k$021dc6983aaca344585c906af25f445c/women-s-anti-mosquito-trousers-tropic-500-green.jpg?format=auto&quality=70&f=1366x1366'),
(26, 'Sepatu mendaki gunung anti air wanita MH100 Mid -Khaki', 999, 1300000, 'Kami mendesain boot anti air Medium di kaki gunung Mont Blanc, untuk pendakian gunung sesekali.\r\n\r\nMemberikan kenyamanan optimal pada kaki Anda berkat bantalan di seluruh sol, dan menopang di bagian tungkai yang tinggi, dan membran tahan air untuk menjaga kaki tetap kering.', 2, 'https://contents.mediadecathlon.com/p1790691/k$b22c9782c4eae8a8b688cd074d6411de/women-s-mid-waterproof-mountain-walking-shoes-mh100-brown.jpg?format=auto&quality=70&f=1366x1366'),
(27, 'Rompi jalan wanita – NH500 Baru', 999, 150000, 'Desainer pendaki kami mengembangkan tank top NH500 yang ramah lingkungan ini untuk pendakian biasa di dataran rendah, hutan, atau pantai.\r\n\r\nPerpaduan katun, poliester daur ulang, dan lyocell menciptakan kelembutan dan mengurangi bau. Scoop belakang dan sisipan jacquard berventilasi membuat Anda merasa lebih nyaman di cuaca panas!\r\n\r\nSerat katun dan lyocell pada kaus tersebut mampu mengurangi bau badan\r\nBerat 101 g ukuran M', 2, 'https://contents.mediadecathlon.com/p1734534/k$19afd5cb5a72fa72976ce05de4f63274/womens-country-walking-vest-nh500-fresh.jpg?format=auto&quality=70&f=1366x1366'),
(28, 'Jaket Down Wanita dengan Tudung untuk Trekking Gunung - MT500 -10°C', 999, 1550000, 'Tim kami merancang jaket down bersertifikat RDS yang dilengkapi dengan tudung, cocok untuk Anda yang menyukai trekking di pegunungan dalam cuaca dingin hingga -10°C.\r\n\r\nBahan jaket down yang hangat dan dapat dipadatkan berkat daya tampung down dan bulunya bisa mencapai 800 CUIN, sehingga hemat tempat dan tidak terlalu berat di tas trekking. Tetap hangat saat berkemah.\r\n\r\nRDS down dengan daya tampungnya sebesar 800 CUIN. Nyaman di suhu 0°C hingga -10°C.\r\nBerat jaket padded ini sekitar 400 g dengan ukuran M', 2, 'https://contents.mediadecathlon.com/p2311088/k$405559b3bdf76845421cbf9e1612f1b1/jaket-down-wanita-dengan-tudung-untuk-trekking-gunung-mt500-10ac.jpg?format=auto&quality=70&f=1366x1366'),
(29, 'KAUS KAKI LARI INVISIBLE FINE RUN500 X2 - PINK', 999, 75000, 'Tim desain kami telah mengembangkan kaus kaki lari ini untuk melindungi kaki dari lecet saat Anda berlari di luar.\r\n\r\nIngin lebih nyaman? Berkat benang serat mikronya, kaus kaki lari invisible ini memberikan kenyamanan yang luar biasa selama sesi lari jarak pendek Anda.\r\n\r\nKaus kaki: 4.0% Elastane, 96.0% Polyamide (PA)', 2, 'https://contents.mediadecathlon.com/p2436229/k$75b0ea5bfe64b9a762468b9886992f48/invisible-comfort-socks-black-x2.jpg?format=auto&quality=70&f=1366x1366'),
(30, 'Topi Wanita FORCLAZ Trekking Travel 100 - Biru Tua', 999, 59000, 'Topi Pria dan Wanita FORCLAZ telah dirancang oleh tim kami, penggemar trekking dan hiking, topi ini mampu menjalankan banyak fungsi penting dengan harga murah!\r\n\r\nJika Anda mencari topi sederhana dan murah untuk melindungi dari sinar matahari, maka topi ini dibuat untuk Anda! Tahan lama, ringan, mudah dilipat, dan anti lembab karena berbahan ristop.\r\n\r\nKain utama: 100.0% Polyethylene Terephtalate (PET); Kain dalam: 100.0% Polyethylene Terephtalate (PET)', 2, 'https://contents.mediadecathlon.com/p1793800/k$b04c0d746384fc2cb42f4830683f2379/travel-100-trekking-cap-light-grey.jpg?format=auto&quality=70&f=1366x1366'),
(31, 'Topi Anti-UV Wanita - Khaki', 999, 230000, 'Tim desain kami merancang topi yang memberi kepala perlindungan optimal dari paparan sinar UV, dan bebas gerah meski dipakai lama.\r\n\r\nTopi ini dirancang untuk menawarkan perlindungan terbaik terhadap sinar matahari dengan pinggiran lebar dan kain anti-UV.\r\n\r\nKain utama: 14.0% Elastane, 86.0% Polyamide (PA); Kain dalam: 100.0% Polyethylene Terephtalate (PET)', 2, 'https://contents.mediadecathlon.com/p1804562/k$b5533d4d35e6847b36e95d69e73efb82/trek-500-men-s-mountain-trekking-uv-protective-hat-beige.jpg?format=auto&quality=70&f=1366x1366'),
(32, 'Sarung Tangan TREK Wanita 300 Rajut - Hitam', 999, 110000, 'Sarung tangan rajut yang akan selalu menghangatkan tangan anda!', 2, 'https://contents.mediadecathlon.com/p2391076/k$bcea1f04af8a72a85ecae88f6a69efec/cn-glove-trek-300-knitting-black.jpg?format=auto&quality=70&f=1366x1366'),
(33, 'Simple Warm Women\'s Ski Base Layer - Hitam', 999, 170000, 'Simply Warm\r\nBahan diperhalus menambah kehangatan, kerah tegak dan bagian belakang panjang. Dirajut dengan benang sangat lembut untuk kenyamanan dan kelembutan ekstra.', 2, 'https://contents.mediadecathlon.com/p64086/k$9fb0b4051d6b84e9bfb7f8ce263e91bb/women-s-skiing-base-layer-top-100-black.jpg?format=auto&quality=70&f=1366x1366'),
(34, 'ATASAN ANTI UV SLIM 100 WANITA - CN', 999, 220000, 'Sebagai peselancar wanita dari semua level, kami telah merancang kaos anti UV ini untuk peselancar pemula yang berselancar di atas buih air laut.\r\n\r\nKaos lengan panjang anti UV wanita sebagai pelindung dari matahari saat di air, dan mengurangi iritasi saat melakukan kontak dengan papan selancar. Slim fit.\r\n\r\nKain utama: 18.0% Elastane, 82.0% Polyethylene Terephtalate (PET)', 2, 'https://contents.mediadecathlon.com/p2109215/k$b75c4992743bb0c4d255dccab6fe498f/womens-slim-uv-top-100-cn.jpg?format=auto&quality=70&f=1366x1366'),
(35, 'Sandal Gunung Wanita Arpenaz 50 - Pink', 999, 260000, 'Sandal hiking ini telah dirancang menjadi alas kaki yang sempurna untuk berjalan di luar ruangan di cuaca panas dan kering. Desainnya kokoh dan dapat diandalkan.\r\n\r\nRingan dan nyaman untuk pendakian jarak pendek di musim panas.\r\n\r\nSol karet adhesif. Komponen lebih tahan lama dari TPR atau TR\r\nSol tengah EVA (bantalan). Sol dalam mikro fiber (lembut).\r\n1 tali velkro agar perawatan lebih mudah dan efektif.', 2, 'https://contents.mediadecathlon.com/p1555674/k$637877ca0b0ff380e6113ddb73d40a0b/nh100-womens-country-walking-sandals-grey-pink.jpg?format=auto&quality=70&f=1366x1366'),
(36, 'Celana Pendek Hiking Wanita - NH500 Regular', 999, 300000, 'Kami telah mendesain celana pendek country walking ini dengan konsep ramah lingkungan. Mendaki dengan percaya diri karena pakaian Anda ramah lingkungan.\r\n\r\nCelana pendek hiking ini nyaman, modis, dan praktis dengan potongan hingga paha bagian tengah. Celana pendek ini memiliki kain elastis dan sabuk yang lebar. Saku tambahan telah ditambahkan untuk menyimpan ponsel Anda.\r\n\r\nKain utama: 100.0% Polyethylene Terephtalate (PET); Lis: 17.0% Elastane, 83.0% Polyethylene Terephtalate (PET); Kain pinggang: 11.0% Elastane, 89.0% Polyethylene Terephtalate (PET)', 2, 'https://contents.mediadecathlon.com/p2132908/k$bd3430d4b989ce6397110d487cfffa96/womens-country-walking-shorts-nh500-regular.jpg?format=auto&quality=70&f=1366x1366'),
(37, 'Celana Pendek Hiking Wanita - NH500 Regular', 999, 300000, 'Kami telah mendesain celana pendek country walking ini dengan konsep ramah lingkungan. Mendaki dengan percaya diri karena pakaian Anda ramah lingkungan.\r\n\r\nCelana pendek hiking ini nyaman, modis, dan praktis dengan potongan hingga paha bagian tengah. Celana pendek ini memiliki kain elastis dan sabuk yang lebar. Saku tambahan telah ditambahkan untuk menyimpan ponsel Anda.\r\n\r\nKain utama: 100.0% Polyethylene Terephtalate (PET); Lis: 17.0% Elastane, 83.0% Polyethylene Terephtalate (PET); Kain pinggang: 11.0% Elastane, 89.0% Polyethylene Terephtalate (PET)', 2, 'https://contents.mediadecathlon.com/p2132908/k$bd3430d4b989ce6397110d487cfffa96/womens-country-walking-shorts-nh500-regular.jpg?format=auto&quality=70&f=1366x1366'),
(38, 'Tank top jalan wanita - NH500 Baru', 999, 150000, 'Desainer pendaki kami mengembangkan tank top NH500 yang ramah lingkungan ini untuk pendakian biasa di dataran rendah, hutan, atau pantai.\r\n\r\nPerpaduan katun, poliester daur ulang, dan lyocell menciptakan kelembutan dan mengurangi bau. Scoop belakang dan sisipan jacquard berventilasi membuat Anda merasa lebih nyaman di cuaca panas!', 2, 'https://contents.mediadecathlon.com/p1734532/k$2f265979fd681911555a787b24d42fa9/womens-country-walking-vest-nh500-fresh.jpg?format=auto&quality=70&f=1366x1366'),
(39, 'Rok Celana Walking Country Wanita - NH100 Baru', 999, 300000, 'Tim penggemar hiking kami merancang rok celana ini dengan desain ramah lingkungan untuk perjalanan Anda di dataran rendah, di hutan atau di pantai.\r\n\r\nPotongan yang menggabungkan kemudahan bergerak dari celana pendek dengan bentuk rok! Manfaatkan kenyamanan superior model ini dengan celana pendek yang terbuat dari kain elastis yang terintergrasi dan dilengkapi dua saku.', 2, 'https://contents.mediadecathlon.com/p1734679/k$2b6e608c3d61de2ef2f4652d23c13fc6/womens-country-walking-skort-nh100-fresh.jpg?format=auto&quality=70&f=1366x1366'),
(40, 'Celana Panjang Country Walking - NH100 - Wanita', 999, 300000, 'Desainer hiking kami telah mengembangkan celana NH100 ini dengan cara yang ramah lingkungan untuk sesekali berjalan di dataran rendah, hutan atau di pantai.\r\n\r\nLihat celana panjang baru kami yang sangat nyaman! Dengan kain yang meregang dan sabuk lebar, Anda akan merasa nyaman. Celana ini memiliki sub-saku cerdas untuk ponsel Anda.', 2, 'https://contents.mediadecathlon.com/p1734845/k$5876e25d735d753535b1a8415d547d96/country-walking-trousers-nh100-womenswear.jpg?format=auto&quality=70&f=1366x1366'),
(41, 'Topi Trekking Travel 100 - Abu-abu muda Wanita', 999, 70000, 'Topi Wanita FORCLAZ telah dirancang oleh tim kami, penggemar trekking dan hiking, topi ini mampu menjalankan banyak fungsi penting dengan harga murah!\r\n\r\nJika Anda mencari topi sederhana dan murah untuk melindungi dari sinar matahari, maka topi ini dibuat untuk Anda! Tahan lama, ringan, mudah dilipat, dan anti lembab karena berbahan ristop.\r\n\r\nKain utama: 100.0% Polyethylene Terephtalate (PET); Kain dalam: 100.0% Polyethylene Terephtalate (PET)', 2, 'https://contents.mediadecathlon.com/p1793784/k$682cc874dc384a1ef557ba34f13d35f5/travel-100-trekking-cap-light-grey.jpg?format=auto&quality=70&f=1366x1366'),
(42, 'Kaus Hiking Anak MH550', 999, 120000, 'Desainer hiking kami mengembangkan kaus ini untuk hiking sehari dalam semua kondisi cuaca dan jalur yang sulit secara teknis.\r\n\r\nBeri ventilasi terbaik dan perlindungan dari sinar matahari untuk anak Anda dengan kaus ini.', 3, 'https://contents.mediadecathlon.com/p1567241/k$6f58e54d73ea794b410ff0d9d4bbec47/mh550-children-s-hiking-t-shirt.jpg?format=auto&quality=70&f=1366x1366'),
(43, 'Sandal Hiking Anak MH120 TW - Jr ukuran 10 TO Dewasa ukuran 6 - Hitam', 999, 390000, 'Desainer kami, yang merupakan orang tua dari pendaki muda, mengembangkan sandal anak MH120 ini untuk bermain, berlari, dan melompat di hari yang terik.\r\n\r\nSandal serbaguna yang sangat efektif di jalan setapak maupun saat menyeberangi sungai berkat kekuatan daya cengkeramnya. Daya tahan dan kenyamanannya membuat Anda ingin memakainya selama musim panas.\r\n\r\nSol Bagian Luar dari: 40.0% Etilena Vinil Asetat (EVA), 60.0% Rubber - Butadiene Rubber (BR); Atasan dari: 10.0% Poliuretan (PU), 90.0% Polyethylene Terephtalate (PET); Lining dan kaos kaki: 50.0% Etilena Vinil Asetat (EVA), 50.0% Polyethylene Terephtalate (PET)', 3, 'https://contents.mediadecathlon.com/p1922182/k$4ec5845700da8de2ae2afae065e0096a/childrens-mh120-jr-hiking-sandals-pix-blue.jpg?format=auto&quality=70&f=1366x1366'),
(44, 'Celana Pendaki Modular Anak Laki-laki Usia 7-15 Hitam', 999, 390000, 'Pendaki biasa yang membutuhkan celana teknis dan modular sesuai dengan cuaca dan tingkat usaha.\r\n\r\nCelana berpori, ringan; dapat diubah menjadi celana pendek untuk beradaptasi dengan cuaca.Putri Anda akan menyukai konversi menjadi celana pendek dengan membuka ritsleting kakinya sendiri!', 3, 'https://contents.mediadecathlon.com/p2578777/k$1dbffd455695f00b49ec1ec1d62304df/mh550-childrens-zip-off-hiking-trousers-grey.jpg?format=auto&quality=70&f=1366x1366'),
(45, 'Jaket Fleece Hiking Anak MH100 Usia 7-15 tahun - Turquoise', 999, 200000, 'Tim kami terdiri dari orang tua pendaki muda mendesain dengan ramah lingkungan fleece hangat dan breathable ini untuk melindungi anak Anda selama kegiatan alam.\r\n\r\nFleece hangat, nyaman, dan sempurna untuk dibawa anak ke mana saja.', 3, 'https://contents.mediadecathlon.com/p1672056/k$0446085b3e640b88d9d9d1ab0d7fa557/kids-7-15-years-hiking-fleece-mh100-turquoise.jpg?format=auto&quality=70&f=1366x1366'),
(46, 'TOPI MENDAKI BENTUK FISHERMAN ANAK - MT100 - CORAL', 999, 115000, 'Tim kami telah merancang topi matahari uniseks yang tak lekang oleh waktu ini untuk dikenakan saat jalan-jalan.\r\n\r\nTopi matahari yang ringkas dan tahan lama ini melindungi mata dan kepala Anda saat bepergian.\r\n\r\nKain utama: 14.0% Elastane, 86.0% Polyamide (PA); Kain dalam: 100.0% Polyethylene Terephtalate (PET)', 3, 'https://contents.mediadecathlon.com/p2209019/k$63a01ccdeee69e4f6afeded24c9816c2/trek-100-mountain-trekking-hat-dark-grey.jpg?format=auto&quality=70&f=1366x1366'),
(47, 'Ransel Hiking Anak NH120 CN Kapasitas 10 L - Abu-abu', 999, 95000, 'Tim kami, para pejalan kaki merancang ransel NH120 10 liter ini untuk Anda bawa saat hiking di dataran rendah selama dua jam, di hutan, pantai dalam cuaca kering.\r\n\r\nMotivasi kami? Untuk menawarkan ransel 10 liter dengan harga terjangkau sehingga Anda dapat membawa barang-barang penting dengan aman di segala jalur lereng yang landai.\r\n\r\nKain utama: 10.0% Poliuretan (PU), 90.0% Polyethylene Terephtalate (PET); Lis: 12.0% Poliuretan (PU), 88.0% Polyethylene Terephtalate (PET); Jaring: 100.0% Polipropilena (PP); Jaket: 100.0% Poliuretan (PU)', 3, 'https://contents.mediadecathlon.com/p2292011/k$7ae7832de55ae69a7d44535e9545219d/backpack-nh120-10l-cn-stripe.jpg?format=auto&quality=70&f=1366x1366'),
(48, 'Sepatu Hiking Tali Anak Perempuan MH100 dari ukuran 2-5 Biru Coral', 999, 250000, 'Desainer kami yang terdiri dari orang tua pendaki muda mengembangkan sepatu pendek ini agar anak-anak dapat berjalan di medan yang mudah\r\n\r\nSepatu terjangkau yang dibuat khusus untuk anak-anak. Ringan dengan cengkeraman yang baik, agar anak dapat mendaki ke mana saja.\r\n\r\nSol Bagian Luar dari: 100.0% [EN] Styrene Butadiene Styrene (SBS); Atasan dari: 50.0% Poliuretan (PU), 50.0% Polyethylene Terephtalate (PET); Lining dan kaos kaki: 50.0% Etilena Vinil Asetat (EVA), 50.0% Polyethylene Terephtalate (PET)', 3, 'https://contents.mediadecathlon.com/p1869856/k$56577d6e7408b6d340fba3c8b84d001b/kids-lace-up-hiking-shoes-mh100-from-size-2-to-5-blue-coral.jpg?format=auto&quality=70&f=1366x1366'),
(49, 'Jaket Hiking Kedap Air Anak MH150 Usia 7 sampai 15 Tahun - Turquoise Print', 999, 250000, 'Kami telah mengembangkan jaket hujan tahan air MH150 ini untuk melindungi anak Anda dari angin dan hujan saat mereka menikmati penjelajahannya di alam.\r\n\r\nJaket praktis dan dapat dilipat di sakunya atau dimasukkan dengan rapi ke dalam ransel.', 3, 'https://contents.mediadecathlon.com/p1566250/k$51796c5b7cfb1de11f84b4b8eda015dc/mh150-kids-waterproof-hiking-jacket-7-to-15-years-navy-grey.jpg?format=auto&quality=70&f=1366x1366'),
(50, 'Topi Anak MH100', 999, 100000, 'Tim kami, yang terdiri atas orang tua pendaki muda, mengembangkan topi ini untuk melindungi anak-anak Anda dari paparan sinar matahari saat hari cerah dan indah.\r\n\r\nJangan lupa untuk membawa topi ini saat anak berjalan di jalan setapak! Topi dapat disesuaikan dengan sempurna untuk setiap ukuran kepala.\r\n\r\nKain utama: 100.0% Polyamide (PA)', 3, 'https://contents.mediadecathlon.com/p2126951/k$21ec26e7236af79ea61d8fdfd98ef251/kids-cap-mh100.jpg?format=auto&quality=70&f=1366x1366'),
(51, 'Ransel Mendaki Anak MH100 5 Liter', 999, 120000, 'Desainer hiking kami menciptakan ransel kecil dan ringan dengan kapasitas 5 liter ini sehingga anak-anak Anda bisa membawa kebutuhan.\r\n\r\nIdeal untuk bertualang atau sekolah, tas bertali ini ringan dan cocok untuk anak-anak. Nyaman dan praktis digunakan dengan bukaan tengah yang besar dan banyak saku\r\n\r\nKain utama: 100.0% Polyethylene Terephtalate (PET); Kain belakang : 100.0% Polyethylene Terephtalate (PET); Saku: 100.0% Polyamide (PA); Lis: 100.0% Polyethylene Terephtalate (PET); Bagian Busa: 100.0% Polyethylene High Density (HDPE); Jaket: 100.0% Poliuretan (PU); Jaring: 100.0% Polyethylene Terephtalate (PET)', 3, 'https://contents.mediadecathlon.com/p1760782/k$8a56d649dbe866ce4f761632f6a2bb54/kids-hiking-rucksack-mh100-5-litres.jpg?format=auto&quality=70&f=1366x1366'),
(52, 'TOPI MENDAKI BENTUK FISHERMAN - MT100 - CORAL', 999, 115000, 'Tim kami telah merancang topi matahari uniseks yang tak lekang oleh waktu ini untuk dikenakan saat jalan-jalan.\r\n\r\nTopi matahari yang ringkas dan tahan lama ini melindungi mata dan kepala Anda saat bepergian.\r\n\r\nKain utama: 14.0% Elastane, 86.0% Polyamide (PA); Kain dalam: 100.0% Polyethylene Terephtalate (PET)', 2, 'https://contents.mediadecathlon.com/p2209019/k$63a01ccdeee69e4f6afeded24c9816c2/trek-100-mountain-trekking-hat-dark-grey.jpg?format=auto&quality=70&f=1366x1366'),
(53, 'SABUK LARI BASIC PENYIMPAN PONSEL - PINK', 999, 120000, 'Membawa semua barang bawaan Anda, ponsel dan kunci secara handsfree, dengan kebebasan bergerak saat berjalan atau jogging.\r\n\r\nSimpel, efektif.Desainer kami menciptakan sabuk ini untuk memuat ponsel, kunci, dan barang bawaan lainnya saat Anda berjalan atau berlari.\r\n\r\nKain utama: 20.0% Poliuretan (PU), 80.0% Polyethylene Terephtalate (PET); Lis: 13.0% Elastane, 87.0% Polyethylene Terephtalate (PET)', 2, 'https://contents.mediadecathlon.com/p2167190/k$df5da42463e4d239e2327c684deffb02/basic-running-belt-for-phone-black.jpg?format=auto&quality=70&f=1366x1366'),
(54, 'Jaket Padded Sintetis Trekking Pegunungan Trek 50 0°C Wanita - Navy Blue', 999, 400000, 'Sebagai pecinta gunung, jaket padded ini telah kami kembangkan untuk digunakan saat mendaki. Diuji untuk mendapatkan kenyamanan optimal saat berjalan di suhu 0°C hingga 10°C.\r\n\r\nJaket padded yang nyaman ini adalah solusi ideal untuk dipakai di setiap musim! Anda akan menyukai dua saku ritsletingnya yang sangat praktis.', 2, 'https://contents.mediadecathlon.com/p1852748/k$1af38010d872dff62ab1bac0e2eebfcd/womens-synthetic-mountain-trekking-padded-jacket-mt-50-0c.jpg?format=auto&quality=70&f=1366x1366'),
(55, 'Sepatu Hiking Wanita - NH150 Fresh\r\n', 999, 770000, 'Desainer hiking kami telah mengembangkan sepatu NH150 Fresh ini untuk pejalan kaki pemula yang berjalan di jalur alami atau jalur pedesaan dalam cuaca hangat.\r\n\r\nUntuk menawarkan Anda semua kenyamanan sebuah trainer, sekaligus menjamin perlindungan & pijakan sepatu hiking. Sepatu sejuk berpori akan menjadi teman yang sempurna untuk jalan-jalan Anda.', 2, 'https://contents.mediadecathlon.com/p1814432/k$cda4634ce59834fef27da79e6431cbe5/women-s-country-walking-shoes-nh150-fresh.jpg?format=auto&quality=70&f=1366x1366'),
(56, 'Dress Hiking Wanita EXploor - Navy Blue\r\n', 999, 300000, 'Tim kami bersama komunitas pendaki merancang model gaun ini untuk pendakian harian biasa saat cuaca panas.\r\n\r\nGaun dengan semua aset pakaian olahraga. Berkat penglihatan tajam pendaki wanita yang ikut serta dalam proyek ini, gaun ini ringan dan breathable, serta memadukan kenyamanan saat bergerak dan dipakai', 2, 'https://contents.mediadecathlon.com/p2132903/k$c04bcd75255c6e0cd1e475906cd412e3/womens-hiking-dress-exploor.jpg?format=auto&quality=70&f=1366x1366'),
(57, 'Celana Panjang Mendaki Gunung Serbaguna Wanita - MH550\r\n', 999, 640000, 'Di kaki Mont Blanc, tim desain kami mendesain celana panjang yang dapat diubah menjadi celana pendek ini untuk pejalan kaki yang ingin beradaptasi dengan perubahan cuaca.\r\n\r\nCelana panjang convertible ini memberikan kenyamanan optimal berkat bahannya yang ringan dan elastis. Model hitam dan ramah lingkungan kami diwarnai menggunakan warna ramah lingkungan.\r\n\r\nKain utama: 15.0% Elastane, 85.0% Polyamide (PA); Lis: 23.0% Elastane, 77.0% Polyamide (PA)', 2, 'https://contents.mediadecathlon.com/p1844720/k$16472ffa202a14a0fcb1fb3bdf0e89a1/mh550-womens-zip-off-mountain-walking-trousers-black.jpg?format=auto&quality=70&f=1366x1366'),
(58, 'Sepatu bot tinggi wanita - kulit - anti-air - VIBRAM - MT500\r\n', 999, 2600000, 'Sepatu trekking bahan kulit yang anti-air ini membawa Anda menyusuri jalur setapak pendakian dengan lebih nyaman.\r\n\r\nApakah Anda mencari bahan kulit asli? Model kulit yang awet dipakai bertahun-tahun? Dari lapisan hingga sol dalam, seluruhnya terbuat dari kulit. Model dilengkapi dengan sol VIBRAM\r\n\r\nSol Bagian Luar dari: 40.0% Poliuretan (PU), 60.0% Karet - Sintetis; Atasan dari: 20.0% Kulit - Sapi - Split, 80.0% [EN] Leather - Bovine - Full Grain; Lining dan kaos kaki: 65.0% Polyethylene Terephtalate (PET), 35.0% [EN] Leather - Bovine - Full Grain', 2, 'https://contents.mediadecathlon.com/p2439816/k$bc0139ad8c1f224e32f2d7987cefb090/sepatu-bot-tinggi-wanita-kulit-anti-air-vibram-mt500.jpg?format=auto&quality=70&f=1366x1366'),
(73, 'Jaket Hujan Pria RC100 - Biru', 999, 300000, 'Desainer produk sepak bola kami merancang kaus sepak bola F100 yang digunakan untuk latihan dan pertandingan hingga dua kali seminggu.\r\n\r\nJaket hujan ini dirancang untuk membantu Anda bersepeda dalam cuaca yang sedikit berangin atau gerimis.\r\n\r\nJaket hujan bersepeda RC100 ini memiliki jahitan yang direkatkan untuk melindungi Anda dari angin dan hujan saat bersepeda. Anda akan menyukai saku belakangnya yang besar.\r\n\r\nKain utama: 100.0% Polyethylene Terephtalate (PET); Jaket: 100.0% Poliuretan (PU)', 1, 'https://contents.mediadecathlon.com/p1765139/k$29947dfcabbbc61c230eea13a9c5fe6d/men-s-rain-jacket-rc100-blue.jpg?format=auto&quality=70&f=1366x1366'),
(74, 'Jaket Gunung Country Walking Kedap Air Pria NH150 - Imper', 999, 450000, 'Desainer pendaki kami telah merancang jaket kedap air NH150 Imper ramah lingkungan ini untuk pendakian biasa pada cuaca basah, di hutan atau di pantai.\r\n\r\nIngin hiking tanpa membawa ransel? Jaket tahan air ini bisa disimpan di saku kanguru, tersedia dalam beberapa warna, pilih modelnya!', 1, 'https://contents.mediadecathlon.com/p1976116/k$e4ed8be8f71a16da52acb8c77e76c0cf/men-s-country-walking-waterproof-jacket-nh150-imper.jpg?format=auto&quality=70&f=1366x1366'),
(75, 'Trek 500 Sarung Tangan Trekking Gunung Dewasa - Hitam', 999, 190000, 'Tim penggemar trekking gunung kami mengembangkan sarung tangan ini untuk memberikan kehangatan ekstra dan melindungi tangan Anda dari dingin.\r\n\r\nIdeal untuk musim semi dan gugur! sarung tangan ini melepas uap dan hangat. Ideal digunakan pada 10°C - 5°C. Jempol dan telunjuk cocok untuk layar sentuh. Telapak dan jari diperkuat untuk tetap awet\r\n\r\nKain utama: 15.0% Elastane, 85.0% Polyethylene Terephtalate (PET); Punggung tangan: 100.0% Polyethylene Terephtalate (PET); Kerah: 100.0% Polyamide (PA); Jaket: 100.0% Poliuretan (PU)', 1, 'https://contents.mediadecathlon.com/p1226322/k$d7ba80e7e53d54387d8c02e8c1336d81/adult-trekking-mountain-gloves-trek-500-black.jpg?format=auto&quality=70&f=1366x1366'),
(76, 'Sepatu Bot Sporthunt 300 - Beige', 999, 980000, 'Sepatu yang ringan, lentur, nyaman dan tahan lama. Sangat cocok untuk perburuan diam.\r\n\r\nAtasan dari: 80.0% Polyethylene Terephtalate (PET), 20.0% Kulit - Bovine (Sapi); Lining dan kaos kaki: 100.0% Polyethylene Terephtalate (PET); Sol Bagian Luar dari: 40.0% Karet - Sintetis, 60.0% Etilena Vinil Asetat (EVA)\r\n', 1, 'https://contents.mediadecathlon.com/p474855/k$d8868e02bf1d4287ef0143f2553c26f9/sporthunt-300-boots-beige.jpg?format=auto&quality=70&f=1366x1366'),
(77, 'All-Mountain Jersey Sepeda Gunung Lengan Pendek - Hitam', 999, 200000, 'Jersey sepeda gunung ini dirancang untuk bersepeda All Mountain/enduro di cuaca hangat. Ringan dan cepat kering\r\n\r\nJersey lengan pendek ini telah dirancang dengan potongan pas untuk memastikan kebebasan bergerak yang sangat baik saat Anda bepergian dan balapan.\r\n\r\nKain utama: 18.0% Elastane, 82.0% Polyethylene Terephtalate (PET)', 1, 'https://contents.mediadecathlon.com/p1569852/k$3352a68a23d173215a2c0dcdbac16dd6/all-mountain-short-sleeved-mountain-bike-jersey-black.jpg?format=auto&quality=70&f=1366x1366'),
(78, 'Kacamata Hiking Dewasa - MH140 - Kategori 3', 999, 210000, 'Teknisi optik kami mengembangkan kacamata untuk hiking. Ideal untuk penggunaan sesekali di pegunungan.\r\n\r\nLensa anti UV menangkal 100% sinar matahari yang berbahaya dan Kategori 3 melindungi Anda dari silau. Berkat keringanan dan retensinya yang baik, kacamata ini memberikan perlindungan yang sangat baik untuk hiking.\r\n\r\nLensa: 100.0% Polikarbonat (PC); Rangka: 20.0% Styrene Ethylene Butadiene Styrene (SEBS), 80.0% Polyamide 11 (PA11); Sekrup: 100.0% [EN] Stainless Steel', 1, 'https://contents.mediadecathlon.com/p1795677/k$ee44b4f006aae134ceecca8f7abd6a5f/adult-category-3-hiking-sunglasses-mh140-blue.jpg?format=auto&quality=70&f=1366x1366'),
(79, 'Topi Jaring Anti Nyamuk Dewasa TROPIC 900 - Hijau', 999, 400000, 'Tim desain kami mengembangkan topi yang praktis dan ringan ini untuk melindungi Anda dari nyamuk. Cerdas, bisa juga digunakan tanpa jaring nyamuk.\r\n\r\nTrekking sambil terlindung dari nyamuk berkat topi tropis ini. Dapat dilipat, sehingga mudah dibawa dan tidak rusak di dalam tas penyimpanan: aksesori sempurna untuk berpetualang!\r\n\r\nKain utama: 14.0% Elastane, 86.0% Polyamide (PA); Kerah: 100.0% Polyethylene Terephtalate (PET); Jaring: 100.0% Polyethylene Terephtalate (PET)', 1, 'https://contents.mediadecathlon.com/p1938421/k$0cb8f2f848e45a9fbfe7cfcafec59c80/adult-mosquito-net-hat-tropic-500-green.jpg?format=auto&quality=70&f=1366x1366'),
(80, 'Celana Panjang Trekking Anti Nyamuk Pria Tropic 900 - hijau', 999, 850000, 'Tim penggemar Tropical Trekking kami telah mengembangkan celana panjang anti nyamuk yang akan melindungi Anda selama bertualang.\r\n\r\nCelana ringan dan tahan lama, dengan ritsleting ventilasi dan pelindung kaki terintegrasi untuk melindungi Anda dari serangga selama ekspedisi di hutan.\r\n\r\nKain utama: 14.0% Elastane, 86.0% Polyamide (PA)', 1, 'https://contents.mediadecathlon.com/p1938419/k$a87f7e89729a4df6dd8bc479dfb889f9/men-s-anti-mosquito-trousers-tropic-500-green.jpg?format=auto&quality=70&f=1366x1366'),
(81, 'Jaket Down Trekking Gunung Pria MT500 -10C Cokelat', 999, 1500000, 'Jaket down bersertifikasi RDS yang didesain untuk trekking di pegunungan pada suhu dingin -10°C saat bergerak dan 0°C saat statis.\r\n\r\nBerkat isian down dan bulunya (bersertifikasi RDS), jaket down hangat yang dapat dikompresi ini dapat menghemat ruang dan berat di tas trekking Anda. Tetap hangat saat berkemah.\r\n\r\nPengisian: 15.0% Bulu bebek abu-abu, 85.0% Bulu muda bebek abu-abu; Lis: 100.0% Polyamide (PA); Kain utama: 100.0% Polyethylene Terephtalate (PET)', 1, 'https://contents.mediadecathlon.com/p2028679/k$e0bb687015fd8e13b335ed1df53e2770/trek900-men-s-mountain-trekking-down-jacket-black.jpg?format=auto&quality=70&f=1366x1366'),
(82, 'Sepatu Bot Trekking Tekstil Kedap Air W - contact® - MT100 TEX', 999, 1650000, 'Sepatu bot dengan bagian atas kedap air membuat Anda berjalan lebih nyaman dan memberikan topangan yang baik.\r\n\r\nApakah Anda ingin menjelajah alam? Sepatu bot nyaman dan ringan ini dibuat khusus untuk Anda. Keseimbangan sempurna antara fleksibilitas dan topangan membuat berjalan sangat natural.\r\n\r\nSol Bagian Luar dari: 40.0% Poliuretan (PU), 60.0% Karet - Sintetis; Atasan dari: 10.0% Poliuretan (PU), 90.0% Polyethylene Terephtalate (PET); Lining dan kaos kaki: 100.0% Polyethylene Terephtalate (PET)', 1, 'https://contents.mediadecathlon.com/p2020033/k$a5f3fa90e93d18db650fa9e30291f682/w-high-top-synthetic-waterproof-shoe-crosscontact-ontrail-mt-100.jpg?format=auto&quality=70&f=1366x1366'),
(83, 'Sepatu Bot Tinggi Trekking Pria MT100 - TEX', 999, 1500000, 'Sepatu bot kedap air ini memberikan kenyamanan dan pijakan yang baik di jalur yang mudah dikenali. Dalam 3 kata: lembut, nyaman, dan tahan lama\r\n\r\nApakah Anda ingin mendaki jarak jauh? Sepatu bot trekking nyaman dan ringan ini dibuat khusus untuk Anda. Keseimbangan sempurna antara fleksibilitas dan topangan membuat berjalan sangat natural\r\n\r\nSol Bagian Luar dari: 40.0% Poliuretan (PU), 60.0% Karet - Sintetis; Atasan dari: 10.0% Poliuretan (PU), 90.0% Poliester (PES) - Daur ulang; Lining dan kaos kaki: 100.0% Polyethylene Terephtalate (PET)', 1, 'https://contents.mediadecathlon.com/p1927302/k$dcc544b9c00a1675fe65e6e599f10bce/synthetic-high-top-shoe-waterproof-crosscontact-ontrail-mt-100-m.jpg?format=auto&quality=70&f=1366x1366'),
(84, 'Men’s nature hike down jacket Arpenaz 20 hitam', 999, 400000, 'Jaket nyaman ini teman terbaik untuk segala musim! Sangat ringan, ringkas, selalu menjaga Anda tetap hangat. Terdapat juga dua saku praktis dengan ritsleting\r\n\r\nKain utama: 100.0% Polyethylene Terephtalate (PET); Lis utama: 100.0% Polyethylene Terephtalate (PET); Pengisian: 100.0% Polyethylene Terephtalate (PET)', 1, 'https://contents.mediadecathlon.com/p1005118/k$c3372a299d77ed45e65b8c50eef80db6/men-s-hiking-padded-jacket-nh100-black.jpg?format=auto&quality=70&f=1366x1366'),
(85, 'SARUNG TANGAN BELAY SIMOND', 999, 450000, 'Tim pemanjat kami merancang sarung tangan ini untuk pemanjat reguler yang ingin panjat tebing big wall atau indoor.\r\n\r\nkualitas unggul pada kulit memungkinkan genggaman erat pada tali.\r\n\r\nKain utama: 100.0% Kulit - Bovine (Sapi); Kerah: 100.0% Polyamide (PA); Jaket: 100.0% Poliuretan (PU)', 1, 'https://contents.mediadecathlon.com/p498532/k$d691b48f76e4605230780cd1a333e18a/simond-belaying-glove.jpg?format=auto&quality=70&f=1366x1366'),
(86, 'Sendal Hiking Kulit Pria NH120', 999, 750000, 'Desainer kami mendesain sandal kulit NH120 ini untuk berjalan sesekali di jalan setapak dalam cuaca panas dan kering.\r\n\r\nMotivasi kami? Menghadirkan sandal yang nyaman dengan daya cengkeram yang baik, untuk pendakian musim panas di jalur pedesaan. Kebersihan terjamin berkat kulit di bagian atas dan sol.', 1, 'https://contents.mediadecathlon.com/p2164538/k$a8b7c3cf3bfe6ffca95e91a9862f30e8/men-s-leather-hiking-sandals-nh120.jpg?format=auto&quality=70&f=1366x1366'),
(87, 'Sepatu Hiking Pria - MH500 LIGHT - Abu-abu Terang/Merah', 999, 1350000, 'Untuk Anda yang gemar mendaki di jalan pegunungan di bawah sinar matahari, kami merancang sepatu ringan dan breathable yang ramah lingkungan.\r\n\r\nHiking dengan nyaman: bantalan tebal, ringan, dan upper yang breathable dengan insol elastis. Hiking dengan aman: upper kuat dengan penutup jari kaki dengan sol lekat.\r\n\r\nAtasan dari: 5.0% Elastane, 45.0% Poliuretan (PU), 50.0% Polyethylene Terephtalate (PET); Lining dan kaos kaki: 60.0% Polyethylene Terephtalate (PET), 40.0% [EN] Polyethylene Terephtalate (rPET) - Full-Chemical Recycled; Sol Bagian Luar dari: 40.0% Etilena Vinil Asetat (EVA), 60.0% Rubber - Butadiene Rubber (BR)', 1, 'https://contents.mediadecathlon.com/p2360494/k$b9259be216c7778ab7426a776f179115/sepatu-hiking-pria-mh500-light-abu-abu-terangslashmerah.jpg?format=auto&quality=70&f=1366x1366'),
(88, 'ONNIGHT 100 Lampu Kepala Pendakian 80 lumen - hitam', 999, 140000, 'ONNIGHT 100 adalah lampu kepala yang serba guna, mudah digunakan dan sangat nyaman. Penutup yang lembut melindungi dari guncangan dan air. Lampu kepala DECATHLON untuk semua situasi\r\n\r\nPenyanggah lampu kepala: 100.0% Styrene Ethylene Butadiene Styrene (SEBS); Lensa: 100.0% Polikarbonat (PC); Tali: 100.0% Polyethylene High Density (HDPE); Sirkuit elektronik: 100.0% PCBA', 4, 'https://contents.mediadecathlon.com/p1161848/k$fd82ec4f9914c5f887c3071d4bc24a59/onnight-100-80-lumens-trekking-head-torch-black.jpg?format=auto&quality=70&f=1366x1366'),
(89, 'Binokular 8x25 Bebas Fokus', 999, 390000, 'Binokular yang ringan dan kuat, mudah digunakan. Tidak membutuhkan penyesuaian dan mudah disimpan di kantong Anda.\r\n\r\nLapisan Atas: 100.0% Silicone; Rangka: 100.0% Polycarbonate - Acrylonitrile Butadiene Styrene (PC-ABS); Lensa: 100.0% Kaca - Mineral', 4, 'https://contents.mediadecathlon.com/p1085326/k$ce5f719b17acd57e214b7bfc0ebcfaec/8x25-focus-free-binoculars.jpg?format=auto&quality=70&f=1366x1366'),
(90, 'Pisau Hiking Multifungsi MH500 dengan Pengunci Mata Pisau', 999, 300000, 'Untuk piknik dan pesta saat berkemah, desainer kami telah mengembangkan pisau 5 fungsi ini dengan sistem penguncian mata pisau.\r\n\r\nPisau 5 fungsi yang tahan lama dan aman (pisau, pembuka kaleng, pembuka botol, obeng, kotrek). Pengaman mata pisau dengan posisi terbuka atau tertutup untuk keselamatan optimal.\r\n\r\nStruktur: 100.0% [EN] Stainless Steel; Pisau: 100.0% [EN] Stainless Steel; Pegangan: 30.0% Akrilonitril butadiena stiren (ABS), 70.0% Polikarbonat (PC)', 4, 'https://contents.mediadecathlon.com/p1804799/k$4571981c35c7fe9fd8d8a39c4ec2bcb3/blade-changing-multi-tool-hiking-knife-mh500.jpg?format=auto&quality=70&f=1366x1366'),
(91, 'Pipet + Selang (Teat + Selang) Pengganti Kit untuk Kantung Air Trek 500', 999, 100000, 'Tim trekking gunung kami yang bersemangat merancang kit pengganti ini untuk menggantikan pipet dan selang kantung air Forclaz.\r\n\r\nGanti selang dan pipet kantung air 1 L, 2 L, 3 L Forclaz Anda.\r\n\r\nRuang udara: 100.0% Termoplastik poliuretan (TPU); Pentil: 100.0% Silicone; Sistem On/Off: 100.0% Polipropilena (PP); KonekTor Katup/Ban Dalam: 100.0% Polyethylene High Density (HDPE)', 4, 'https://contents.mediadecathlon.com/p595779/k$4f162365f73dad3cedc407c2541eb05b/pipette-tube-teat-tube-replacement-kit-for-trek500-water-bladder.jpg?format=auto&quality=70&f=1366x1366'),
(92, '1 Ultracompact Tongkat Trekking MT500 - Hitam', 999, 550000, 'Hasil proses pengembangan panjang dengan pendaki yang antusias dan banyak permintaannya, kami telah menciptakan tongkat kuat ini untuk mendukung pendakian Anda\r\n\r\nHiking atau trekking dan perlu membawa tongkat dengan mudah, pastikan apakah tongkat dapat tahan lama? Model ini yang paling ringkas dan kokoh di kelasnya.\r\n\r\nBatang: 100.0% [EN] Aluminium; Pegangan: 100.0% Etilena Vinil Asetat (EVA)', 4, 'https://contents.mediadecathlon.com/p1808868/k$6f55d9f3d4b34b063509a7491fb85412/1-ultracompact-trekking-pole-mt500-black.jpg?format=auto&quality=70&f=1366x1366'),
(93, 'MEJA KAMPING LIPAT RENDAH MH100 Abu-abu', 999, 350000, 'Desainer kami telah mengembangkan meja kemah yg ringkas dan ringan ini, untuk menghadirkan kenyamanan di akhir pekan Anda.\r\n\r\nMeja sederhana dan praktis yang pas dengan sepatu bot Anda dan menawarkan tempat menaruh makanan untuk dua orang.\r\n\r\nStruktur: 20.0% Polipropilena (PP), 80.0% BAJA; Papan meja: 50.0% Kayu, 50.0% Asetat', 4, 'https://contents.mediadecathlon.com/p1965786/k$fcf6075d3d235672dd35d1d04faa2875/low-folding-camping-table-mh100-grey.jpg?format=auto&quality=70&f=1366x1366'),
(94, 'Hammock Dua Orang - Comfort 350 x 175 cm - 2 Orang', 999, 550000, 'Desainer kemah kami mengembangkan hammock Comfort ini untuk dua orang. Praktis dan serbaguna, akan membantu Anda baik di lokasi perkemahan maupun di alam liar.\r\n\r\nMotivasi kami? Manjakan diri Anda dengan hammock serbaguna dan sangat nyaman sehingga Anda dapat tidur di mana saja!Sangat ringan dan praktis, Anda dapat menghemat waktu untuk memasangnya.\r\n\r\nKain utama: 100.0% Polyethylene Terephtalate (PET); Tas jinjing: 100.0% Polyethylene Terephtalate (PET); Jaring: 100.0% Polyamide (PA)', 4, 'https://contents.mediadecathlon.com/p1985599/k$274329917b907d69480ce23b86fc5ca3/two-person-hammock-comfort-350-x-175-cm-2-person.jpg?format=auto&quality=70&f=1366x1366');
INSERT INTO `produk` (`id_produk`, `nama_produk`, `stok_produk`, `harga_produk`, `deskripsi_produk`, `id_kategori`, `gambar_produk`) VALUES
(95, 'Lemari Pakaian Berkemah Lipat dan Ringkas - Basic', 999, 840000, 'Desainer kami telah menciptakan lemari pakaian lipat dan ringkas Basic ini untuk menyimpan, mengatur, dan melindungi barang-barang dan aksesori Anda saat berkemah.\r\n\r\nMotivasi kami? Untuk menawarkan lemari tenda yang mudah dirakit dan termasuk rak dan kantong untuk mengatur dan melindungi barang-barang Anda saat berkemah.\r\n\r\nStruktur: 10.0% Polipropilena (PP), 90.0% BAJA; Kain utama: 100.0% Polyethylene Terephtalate (PET); Papan meja: 95.0% Kayu, 5.0% Resin; Tiang: 100.0% Kaca - Serat (FG)', 4, 'https://contents.mediadecathlon.com/p1956673/k$1691e7e82733f8113bf7dc4eaabc26f4/folding-and-compact-camping-wardrobe-basic.jpg?format=auto&quality=70&f=1366x1366'),
(96, 'Pendingin Fleksibel Kemah - 10L', 999, 190000, 'Desainer kemah kami merancang pendingin Compact 10 L tangguh yang fleksibel ini secara ramah lingkungan agar minuman dan makanan Anda tetap dingin selama setengah hari.\r\n\r\nMotivasi kami? Untuk menghadirkan pendingin ringkas yang lebih ramah lingkungan dan mudah dimasukkan ke dalam ransel, agar Anda dapat membawanya saat mendaki atau beraktivitas\r\n\r\nBusa: 100.0% Polyethylene High Density (HDPE); Kain dalam: 100.0% Polyethylene Terephtalate (PET); Kain utama: 100.0% Polyethylene Terephtalate (PET)', 4, 'https://contents.mediadecathlon.com/p2192018/k$c6acd74d1721a5f295a73396d81f3d1a/compact-10-l-camping-country-walking-camp-cooler-blue.jpg?format=auto&quality=70&f=1366x1366'),
(97, 'Kantong Tidur Kemah Arpenaz 15° - Hitam', 999, 390000, 'Tim desainer berkemah kami merancang kantong tidur Arpenaz 15° ini agar Anda tidur dengan nyaman saat berkemah pada suhu mendekati 15°C.\r\n\r\n15°C. Motivasi kami? Untuk menawarkan kantong tidur dengan ritsleting panjang untuk membuka dengan mudah. Bisa juga diubah menjadi selimut, dan dilipat. Garansi 5 tahun\r\n\r\nPengisian: 10.0% Polyethylene Terephtalate (PET), 90.0% PolyEthyleneTerephatalate Recycled (RPET); Lis: 100.0% Polyethylene Terephtalate (PET); Kain luar: 100.0% Polyethylene Terephtalate (PET); Sistem pembukaan/penutupan: 20.0% Zamac, 80.0% [EN] Polyethylene Terephtalate (rPET) - Full-Chemical Recycled; Tas jinjing: 100.0% Polyethylene Terephtalate (PET)', 4, 'https://contents.mediadecathlon.com/p1758180/k$13c31e6d6c5dd62a6343793899d39ff0/camping-sleeping-bag-arpenaz-15.jpg?format=auto&quality=70&f=1366x1366'),
(98, 'PELUIT SERBAGUNA DAN KOMPAS ORIENTEERING 50 - KHAKI', 999, 100000, 'Jika Swiss punya pisau, Geonaute punya peluit! 4 in 1, kompas serbaguna yang akan menemani pendakian Anda!\r\n\r\nKompas untuk orienteering. Termometer. Kaca pembesar untuk menganalisa flora dan fauna secara lebih dekat. Peluit untuk keamanan Anda. Gantungan kunci untuk mengencangkan.\r\n\r\nBase: 100.0% Akrilonitril butadiena stiren (ABS); Aksesoris: 100.0% Polymethyl Methacrylate (PMMA)', 4, 'https://contents.mediadecathlon.com/p2439675/k$905d7e3323ee0b3b4ba637beeb452c5e/multi-purpose-whistle-with-built-in-compass-thermometer-and-magnifying-glass.jpg?format=auto&quality=70&f=1366x1366'),
(99, 'Rucksack Mendaki Gunung MH500 30L - Biru Dongker', 999, 990000, 'Di kaki gunung Mont Blanc, tim pecinta jalan gunung kami merancang ransel nyaman ini dengan mesh punggung kencang berpori, untuk hiking biasa.\r\n\r\nPilih sesuai tinggi tubuh Anda, kami menyediakan dua ukuran - untuk kurang dari 170 cm (ukuran S) atau 170 cm atau lebih (ukuran L). Termos mudah dijangkau sambil berjalan tanpa melepas ransel.\r\n\r\nKain utama: 100.0% Polyethylene Terephtalate (PET); Kain belakang : 100.0% Polyethylene Terephtalate (PET); Jaket: 100.0% Poliuretan (PU); Lis: 100.0% Polyethylene Terephtalate (PET); Saku: 15.0% Elastane, 85.0% Polyamide (PA); Jaring: 100.0% Polyethylene Terephtalate (PET); Kerah: 100.0% Polyethylene Terephtalate (PET)', 4, 'https://contents.mediadecathlon.com/p1804440/k$fdb78afcf06e80fac847eb4a8a2d23d7/mountain-walking-backpack-mh500.jpg?format=auto&quality=70&f=1366x1366'),
(100, 'KAYAK SUNGAI TIUP 500 UNTUK 1 ORANG DENGAN ZIP TAHAN AIR', 999, 8250000, 'Dirancang untuk petualang tingkat lanjut, perahu karet ini dapat dibawa di ransel!Pergilah ke tepi sungai lalu, setelah dipompa, mendayunglah menyusuri sungai Kelas 2.\r\n\r\nDesainnya yang sangat ringkas memungkinkan Anda membawanya dengan berjalan kaki, bersepeda atau lainnya:ciptakan petualangan Anda.\r\n\r\nKain utama: 50.0% Polyamide (PA), 50.0% Poliuretan (PU); Tas jinjing: 45.0% Polyamide (PA), 5.0% Polyethylene Terephtalate (PET), 50.0% Asetat', 4, 'https://contents.mediadecathlon.com/p2193738/k$a8868653d29a3b5faa3cede671e9883c/1-person-inflatable-river-packraft-kayak-500.jpg?format=auto&quality=70&f=1366x1366'),
(101, 'LAMPU KEMAH - BL40 - 40 LUMEN', 999, 105000, 'Desainer kemah kami menciptakan lampu BL40 ini untuk memberikan cahaya yang cukup untuk satu orang. Bisa digunakan di luar/di tenda, berkemah/bivouacking.\r\n\r\nMotivasi kami? Untuk membuat lampu kecil yang mudah digunakan dan tahan lama, bahkan saat hujan. Membutuhkan sedikit ruang di ransel. Sempurna untuk anak-anak!\r\n\r\nBase: 100.0% Styrene Ethylene Butadiene Styrene (SEBS); Lensa: 100.0% Polipropilena (PP); Baterai: 100.0% Baterai alkaline; Sirkuit elektronik: 100.0% PCBA', 4, 'https://contents.mediadecathlon.com/p2440713/k$1ae4a0b4e0dc7b9574fecab77b69a199/camping-lamp-bl40-40-lumens.jpg?format=auto&quality=70&f=1366x1366'),
(102, 'Botol Hiking Stainless Steel Insulasi - 0,4 L Biru', 999, 210000, 'Ingin menjaga minuman tetap panas atau dingin selama beberapa jam? Desainer kami mengembangkan botol yang kokoh dan berinsulasi tinggi ini.\r\n\r\nSimpel, kokoh, botol berinsulasi tinggi; tutup \"seperempat putaran\" yang bagus; termasuk gelas beaker / 0,4 L.\r\n\r\nBoTol/Badan BoTol: 100.0% [EN] Stainless Steel; Tutup: 75.0% Polipropilena (PP), 25.0% [EN] Stainless Steel; Sambungan: 100.0% Silicone', 4, 'https://contents.mediadecathlon.com/p2203059/k$373f04ace8143ff1e65fd146d6afc34e/stainless-steel-insulated-hiking-bottle-04-l-metal.jpg?format=auto&quality=70&f=1366x1366'),
(103, 'Penutup Isotermal untuk Botol Air Hiking 1,2 sampai 1,5 Liter - Abu-abu/Biru', 999, 115000, 'Anda perlu menjaga minuman tetap dingin selama beberapa jam saat mendaki? Desainer kami mengembangkan penutup ini yang cocok untuk botol air berkapasitas besar.\r\n\r\nMenjaga suhu minuman Anda - cocok untuk botol air plastik Quechua 1,2 L atau botol air aluminium 1,5 L.\r\n\r\nKain utama: 100.0% Polyethylene Terephtalate (PET); Busa: 100.0% Polyethylene High Density (HDPE)', 4, 'https://contents.mediadecathlon.com/p1641725/k$35c7fe743ac170ce047fd9058014a702/isothermal-12-to-15-l-cover-for-hiking-water-bottles-blue.jpg?format=auto&quality=70&f=1366x1366'),
(104, 'Topi Anti-UV Anak MH100', 999, 120000, 'Tim kami, yang terdiri dari orang tua pendaki muda, mengembangkan topi ANTI-UV ini untuk melindungi anak Anda dari sinar matahari di hari cerah yang indah.\r\n\r\nAnak Anda pasti akan menyukai topi bob bolak-balik 2-in-1 yang baru ini. Dengan pinggiran lebar dan sistem pengikatnya, topi ini akan melindungi kepala kecil mereka dengan sempurna selama aktivitas di luar ruangan.\r\n\r\nBahan utama : lapisan luar: 14.0% Elastane, 86.0% Polyethylene Terephtalate (PET); Bahan utama : lapisan dalam: 65.0% Katun, 35.0% Polyethylene Terephtalate (PET)', 3, 'https://contents.mediadecathlon.com/p2126988/k$e16976ea28be69af471cf119b87eb450/kids-anti-uv-hat-mh100.jpg?format=auto&quality=70&f=1366x1366'),
(105, 'Topi Anti-UV Anak MH100', 999, 120000, 'Tim kami, yang terdiri dari orang tua pendaki muda, mengembangkan topi ANTI-UV ini untuk melindungi anak Anda dari sinar matahari di hari cerah yang indah.\r\n\r\nAnak Anda pasti akan menyukai topi bob bolak-balik 2-in-1 yang baru ini. Dengan pinggiran lebar dan sistem pengikatnya, topi ini akan melindungi kepala kecil mereka dengan sempurna selama aktivitas di luar ruangan.\r\n\r\nBahan utama : lapisan luar: 14.0% Elastane, 86.0% Polyethylene Terephtalate (PET); Bahan utama : lapisan dalam: 65.0% Katun, 35.0% Polyethylene Terephtalate (PET)', 3, 'https://contents.mediadecathlon.com/p2126988/k$e16976ea28be69af471cf119b87eb450/kids-anti-uv-hat-mh100.jpg?format=auto&quality=70&f=1366x1366'),
(106, 'Topi Hiking Anak CN MH100 - Abu-abu', 999, 90000, 'Desainer peralatan hiking kami mengembangkan topi ini untuk melindungi anak Anda dari panas matahari saat hiking di cuaca terik\r\n\r\nTopi hiking anak yang harus dimiliki untuk menjelajah! Nyaman, ringan, dan kuat .Dengan komponen ripstop, menyesuaikan ukuran kepala!', 3, 'https://contents.mediadecathlon.com/p1815105/k$ef6617fae28aa0c7390fa4847ad6e420/kids-hiking-cap-mh100-purple.jpg?format=auto&quality=70&f=1366x1366'),
(107, 'Sepatu Hiking Kedap Air Anak - MH120 MED 28 sampai 34 - Turquoise', 999, 490000, 'Desainer kami yang merupakan orang tua dari hiker muda telah merancang sepatu MED MH120 anak ini untuk hiking di cuaca kering atau lembap.\r\n\r\nApakah Anda akan mendaki musim panas ini? Sepatu kedap air ini sempurna untuk anak karena ringan dan tinggi, serta memberikan pijakan bagus yang penting untuk anak saat berjalan di semua tempat\r\n\r\nSol Bagian Luar dari: 100.0% [EN] Styrene Butadiene Styrene (SBS); Atasan dari: 55.0% Poliuretan (PU), 45.0% Polyethylene Terephtalate (PET); Lining dan kaos kaki: 100.0% Polyethylene Terephtalate (PET)', 3, 'https://contents.mediadecathlon.com/p1593293/k$d56f64d806c897055d6b006ab8e28ecd/kids-waterproof-hiking-shoes-mh120-mid-28-to-34-turquoise.jpg?format=auto&quality=70&f=1366x1366'),
(108, 'Sandal Hiking Anak MH120 - Ukuran Jr 10 hingga Ukuran Dewasa 6 - Biru Gelap', 999, 390000, 'Didesain secara ramah lingkungan oleh tim desain kami (orang tua para hiker muda) untuk menghadirkan kenyamanan saat bermain, berlari, melompat dalam cuaca cerah\r\n\r\nSandal serbaguna yang sangat efektif di jalan setapak maupun saat menyeberangi sungai berkat kekuatan daya cengkeramnya. Daya tahan, bobot ringan serta kenyamanannya membuat Anda ingin memakainya di sepanjang musim panas.\r\n\r\nSol Bagian Luar dari: 45.0% Etilena Vinil Asetat (EVA), 55.0% Rubber - Butadiene Rubber (BR); Atasan dari: 100.0% Polyethylene Terephtalate (PET)', 3, 'https://contents.mediadecathlon.com/p2128858/k$a2440cbeae2706a18783c14931c30500/kids-hiking-sandals-mh120-jr-size-10-to-adult-size-6-dark-blue.jpg?format=auto&quality=70&f=1366x1366'),
(109, 'Jaket Fleece Hiking Anak MH150 Usia 7-15 Tahun - Hitam', 999, 250000, 'Tim kami terdiri dari orang tua pendaki muda, merancang fleece yang hangat & bernapas ini secara ramah lingkungan untuk melindungi anak Anda selama kegiatan.\r\n\r\nJaket fleece hangat, nyaman, dan sempurna untuk dibawa anak ke mana saja.', 3, 'https://contents.mediadecathlon.com/p1869622/k$80dba0e820d889d37f409c8da737dab4/mh150-kids-fleece-hiking-jacket-blue.jpg?format=auto&quality=70&f=1366x1366'),
(110, 'Kaos Kaki Anak SH100 Mid 2 Pasang - Abu-Abu/Biru', 999, 100000, 'Perancang kami mengembangkan kaus kaki ini untuk kegiatan mendaki pada cuaca yang sangat dingin.Manfaatkan luasnya area yang tertutup salju.\r\n\r\nKaus kaki ini memberikan kenyamanan yang luar biasa untuk mendaki di cuaca dingin.Berkat kandungan wol dan kain terry, ini adalah produk sederhana dan ideal untuk hiking di salju.', 3, 'https://contents.mediadecathlon.com/p1862199/k$bfb940fd5172c0d5eb158c7b0e95f2de/children-s-warm-hiking-socks-sh100-warm-mid-x2-pairs.jpg?format=auto&quality=70&f=1366x1366'),
(111, 'Celana Pendek Hiking Anak MH500 Usia 7-15 - Navy', 999, 270000, 'Desainer hiking kami mengembangkan celana pendek ini untuk berlari, mendaki, meloncat, dan bermain di pegunungan saat cuaca panas\r\n\r\nCelana pendek MH500 untuk menemani semua petualangan anak Anda. Ringan, nyaman, dan breathable sehingga anak Anda bisa menjelajahi pegunungan dengan rasa percaya diri.', 3, 'https://contents.mediadecathlon.com/p1760556/k$e84fb0a7270324341dbe5ac3c7b32c4d/children-s-hiking-shorts-mh500-navy.jpg?format=auto&quality=70&f=1366x1366'),
(112, 'Jaket Hiking Tahan Air Anak- MH100 - Navy Blue dan Pink', 999, 230000, 'Desainer pendakian kami telah mengembangkan jaket tahan air MH100 ini untuk melindungi anak Anda saat hujan dan berangin di pegunungan!\r\n\r\nPenting untuk memperhatikan bagian bawah tas saat membawa anak-anak pergi hiking! Disimpan di saku yang ringkas, jaket hujan MH100 ini akan melindungi anak Anda apa pun cuacanya!\r\n\r\nKain utama: 100.0% Polyethylene Terephtalate (PET); Jaket: 100.0% Poliuretan (PU)', 3, 'https://contents.mediadecathlon.com/p1566201/k$15e7077877fb9ee36ca8f18eb9e7dbac/jaket-hiking-tahan-air-anak-mh100-navy-blue-dan-pink.jpg?format=auto&quality=70&f=1366x1366'),
(113, 'Simple Warm Children\'s Ski Base Layer - Hitam', 999, 170000, 'simply warm', 3, 'https://contents.mediadecathlon.com/p89687/k$95cdd18abb61c807c77c0139dbf39138/100-children-s-ski-underwear-top-black.jpg?format=auto&quality=70&f=1366x1366'),
(114, 'Topi Hiking Anti-UV Anak MH100', 999, 120000, 'Tim kami, yang terdiri dari orang tua pendaki muda, mengembangkan topi ANTI-UV ini untuk melindungi anak Anda dari sinar matahari di hari cerah yang indah.\r\n\r\nAnak Anda pasti akan menyukai topi bob bolak-balik 2-in-1 yang baru ini. Dengan pinggiran lebar dan sistem pengikatnya, topi ini akan melindungi kepala kecil mereka dengan sempurna selama aktivitas di luar ruangan.\r\n\r\nBahan utama : lapisan luar: 14.0% Elastane, 86.0% Polyethylene Terephtalate (PET); Bahan utama : lapisan dalam: 65.0% Katun, 35.0% Polyethylene Terephtalate (PET)', 3, 'https://contents.mediadecathlon.com/p2135822/k$046bf27b1928103bf512da7a9c1da94a/kids-anti-uv-hat-mh100.jpg?format=auto&quality=70&f=1366x1366'),
(115, 'Fleece Hiking Anak - MH100 Usia 2-6 tahun - Pink', 999, 180000, 'Tim kami yang terdiri dari orang tua pendaki muda mengembangkan fleece ini untuk melindungi anak dari cuaca dingin selama beraktivitas di luar ruangan.\r\n\r\nHangat, ringan dan nyaman, jaket fleece ini sempurna untuk dibawa anak Anda beraktivitas ke mana pun. Diproduksi dari botol daur ulang agar sepenuhnya sejalan dengan strategi desain ramah lingkungan kami.\r\n\r\nKain utama: 100.0% Polyethylene Terephtalate (PET)', 3, 'https://contents.mediadecathlon.com/p1869705/k$894e9edbb0b6513be5afe4c571e6a6bc/kids-hiking-and-ski-fleece-mh100-aged-2-6-pink.jpg?format=auto&quality=70&f=1366x1366'),
(116, 'LEGGING ANAK PEREMPUAN CN 500UV - BIRU PINK PALEM', 999, 240000, 'Dikembangkan oleh tim desain kami untuk melindungi dari matahari saat berselancar dan bodyboarding. Level menengah. Air di atas suhu 21°C.\r\n\r\nLegging anak anti-UV untuk perlindungan dari matahari, bahkan di dalam air, serta membatasi iritasi saat bersentuhan dengan papan.\r\n\r\nKain utama: 15.0% Elastane, 85.0% Polyethylene Terephtalate (PET)', 3, 'https://contents.mediadecathlon.com/p2199138/k$bac3d7e9fc9acfd3f1085290d19d35a4/500-kids-surfing-uv-protection-leggings-navy-blue-green.jpg?format=auto&quality=70&f=1366x1366'),
(117, 'Ransel Hiking Anak-anak MH100 10 Liter', 999, 170000, 'Desainer pendaki kami mengembangkan ransel 10 liter ini sehingga anak Anda dapat bersenang-senang di segala kegiatan saat cuaca cerah\r\n\r\nSempurna untuk berpetualang, tas ini ringan dengan punggung yang sesuai untuk pendaki muda Ransel ini nyaman dan praktis berkat bukaan tengah yang lebar serta saku ritsleting di bagian depan.\r\n\r\nKain utama: 100.0% Polyethylene Terephtalate (PET); Lis: 100.0% Polyethylene Terephtalate (PET); Kain belakang : 100.0% Polyethylene Terephtalate (PET); Jaket: 100.0% Poliuretan (PU); Saku: 15.0% Elastane, 85.0% Polyamide (PA); Jaring: 100.0% Polyethylene Terephtalate (PET)', 3, 'https://contents.mediadecathlon.com/p1760811/k$1fb1fd25afa6c60dbb79e08a1e3ea4f6/ransel-hiking-anak-anak-mh100-10-liter.jpg?format=auto&quality=70&f=1366x1366'),
(118, 'Sarung Tangan Mitten Pendaki Gunung Trek 500 - Hitam', 999, 220000, 'Sarung tangan yang hangat dan tahan angin ini untuk kenyamanan trekking di cuaca dingin dan berangin, dengan tetap mempertahankan ketangkasan yang relatif baik.\r\n\r\nBerkat umpan balik Anda pada model lama, sarung tangan ini lebih mudah dilepas (bahkan saat basah) dan memiliki lapisan fleece brush yang meningkatkan rasa hangat.\r\n\r\nKain utama: 100.0% Polyethylene Terephtalate (PET); Telapak tangan: 60.0% Polyamide (PA), 40.0% Poliuretan (PU); Pergelangan: 15.0% Elastane, 85.0% Polyethylene Terephtalate (PET); Lis utama: 15.0% Elastane, 85.0% Polyethylene Terephtalate (PET); Lis kedua: 100.0% Polyethylene Terephtalate (PET)', 1, 'https://contents.mediadecathlon.com/p1223460/k$c73ffff18a859faf8202f7ba7426a920/mountain-trekking-mitten-gloves-trek-500-black.jpg?format=auto&quality=70&f=1366x1366'),
(119, 'Topi Wol Merino Trekking gunung Trek 500 - Hitam\r\n Terjual 66 buah.', 999, 200000, 'Tim Trekker kami membayangkan topi wol merino ini untuk melindungi Anda dari hawa dingin selama trekking bivak.\r\n\r\nWol Merino, saat Anda menginginkan kehangatan dan desain yang ringkas!', 1, 'https://contents.mediadecathlon.com/p1793828/k$4fcb019a6aa8ac686dbd0516411816e9/trek-500-mountain-trekking-merino-wool-hat-blue.jpg?format=auto&quality=70&f=1366x1366'),
(120, 'Jaket Down Wanita dengan Tudung untuk Trekking Gunung - MT500 -10°C', 999, 1550000, 'Tim kami merancang jaket down bersertifikat RDS yang dilengkapi dengan tudung, cocok untuk Anda yang menyukai trekking di pegunungan dalam cuaca dingin hingga -10°C.\r\n\r\nBahan jaket down yang hangat dan dapat dipadatkan berkat daya tampung down dan bulunya bisa mencapai 800 CUIN, sehingga hemat tempat dan tidak terlalu berat di tas trekking. Tetap hangat saat berkemah.\r\n\r\nRDS down dengan daya tampungnya sebesar 800 CUIN. Nyaman di suhu 0°C hingga -10°C.\r\nBerat jaket padded ini sekitar 400 g dengan ukuran M', 2, 'https://contents.mediadecathlon.com/p2311088/k$405559b3bdf76845421cbf9e1612f1b1/jaket-down-wanita-dengan-tudung-untuk-trekking-gunung-mt500-10ac.jpg?format=auto&quality=70&f=1366x1366'),
(121, 'Tenda Camping Arpenaz 4.1 Tenda Kemah Untuk 4 Orang', 999, 2500000, 'Tim camping kami telah merancang tenda Arpenaz 4.1 dengan tiang ini, untuk menampung hingga empat orang yang menginginkan ruang tidur dan ruang tamu yang luas.\r\n\r\nTenda sederhana dengan ruang tamu berdiri. Pilihan terbaik untuk perjalanan berkemah dengan pasangan, keluarga atau teman-teman.\r\n\r\nKain utama: 100.0% Polyethylene Terephtalate (PET); Tiang: 100.0% Kaca - Serat (FG); Ruang dalam: 100.0% Polyethylene Terephtalate (PET); Keset lantai : 100.0% Polyethylene High Density (HDPE); Tas jinjing: 100.0% Polyethylene Terephtalate (PET)', 4, 'https://contents.mediadecathlon.com/p2182995/k$4159eced08c84da7918c0053c52442c3/arpenaz-41-tent-with-tent-poles-4-people-1-bedroom.jpg?format=auto&quality=70&f=1366x1366'),
(122, 'Karpet selimut hiking ringkas dibawa piknik dan bertamasya - 146 x 120 cm', 999, 120000, 'Tim kami merancang selimut ringkas ini untuk melindungi 4 orang dari dingin dan kotoran dari tanah.\r\n\r\nSangat cocok untuk piknik atau istirahat saat hiking, berukuran 146 x 120 cm setelah dibuka. Ringan saat dilipat ke dalam kantong dan tidak memakan banyak ruang di dalam tas.\r\n\r\nKain utama: 100.0% Polyethylene Terephtalate (PET); Jaket: 100.0% Poliuretan (PU)', 4, 'https://contents.mediadecathlon.com/p2431726/k$810c71f525142bf439386012aaa7817f/karpet-selimut-hiking-ringkas-dibawa-piknik-dan-bertamasya-146-x-120-cm.jpg?format=auto&quality=70&f=1366x1366'),
(123, 'Scarf Bulat Pelindung Leher Bahan Wol Merino - Biru', 999, 200000, 'Tim desain kami merancang scarf dari bahan wol Merino untuk melindungi Anda dari angin dan suhu dingin di alam terbuka.\r\n\r\nWol Merino jika Anda membutuhkan penghangat badan yang ringkas dan serbaguna.\r\n\r\nKain utama: 11.0% Polyamide (PA), 89.0% Wol', 1, 'https://contents.mediadecathlon.com/p1770503/k$287393a48af99e603e8ddef2a70afef5/trek-500-mountain-trekking-multi-position-merino-wool-headband-blue.jpg?format=auto&quality=70&f=1366x1366'),
(124, 'Men\'s Recycled Synthetic Short-Sleeved Hiking T-Shirt MH100', 999, 130000, 'Di kaki gunung Mont Blanc, tim penggemar kami merancang kaos ramah lingkungan dan menyerap keringat ini untuk pendakian gunung berkala\r\n\r\nDesain ramah lingkungan, dibuat dari poliester daur ulang.Kaos sempurna untuk pendakian gunung pertama!\r\n\r\nKain utama: 100.0% Polyethylene Terephtalate (PET); Kerah: 23.0% Elastane, 77.0% Polyamide (PA)', 1, 'https://contents.mediadecathlon.com/p1950008/k$b265751814fb6afc3a65af3c5fcc2040/mh100-men-s-mountain-walking-short-sleeved-shirt-dark-grey.jpg?format=auto&quality=70&f=1366x1366'),
(125, 'Ransel Hiking Anak-anak MH100 10 Liter', 999, 170000, 'Desainer pendaki kami mengembangkan ransel 10 liter ini sehingga anak Anda dapat bersenang-senang di segala kegiatan saat cuaca cerah\r\n\r\nSempurna untuk berpetualang, tas ini ringan dengan punggung yang sesuai untuk pendaki muda Ransel ini nyaman dan praktis berkat bukaan tengah yang lebar serta saku ritsleting di bagian depan.\r\n\r\nKain utama: 100.0% Polyethylene Terephtalate (PET); Lis: 100.0% Polyethylene Terephtalate (PET); Kain belakang : 100.0% Polyethylene Terephtalate (PET); Jaket: 100.0% Poliuretan (PU); Saku: 15.0% Elastane, 85.0% Polyamide (PA); Jaring: 100.0% Polyethylene Terephtalate (PET)', 3, 'https://contents.mediadecathlon.com/p1760811/k$1fb1fd25afa6c60dbb79e08a1e3ea4f6/ransel-hiking-anak-anak-mh100-10-liter.jpg?format=auto&quality=70&f=1366x1366'),
(126, 'Arpenaz 50 Mid Men\'s Hiking Boots - Hitam', 999, 290000, 'Sepatu hiking ini didesain untuk berjalan di belantara! Sol karetnya meningkatkan masa pakai sepatu.\r\n\r\n322 g per sepatu dengan ukuran 9!\r\nSol Crosscontact untuk cengkeraman optimal pada medan alami.\r\nSisipan EVA pada tumit untuk peredaman benturan di jalur dataran rendah.', 1, 'https://contents.mediadecathlon.com/p1211067/k$f5e6247d6c830bbc1259cf1078081c92/men-s-nh100-country-walking-shoes-black.jpg?format=auto&quality=70&f=1366x1366'),
(127, 'Jaket perlindungan UV Hiking Wanita - HELIUM 100', 999, 450000, 'Desain untuk pejalan kaki di alam dan hiking di cuaca cerah. Melindungi Anda dari UVA/UVB sinar matahari. Selain itu, produk juga ringan dan nyaman\r\n\r\nWindbreaker hiking dengan UPF 40+ yang ringan dan ringkas (110 g dalam ukuran L). Menahan angin dan panas untuk perjalanan luar ruangan Anda.', 2, 'https://contents.mediadecathlon.com/p2242716/k$68a7ad9c6fe71caf2022c956d2efd1c9/womens-hiking-uv-protection-jacket-helium-100.jpg?format=auto&quality=70&f=1366x1366'),
(128, 'Rain-cut Celana Panjang Mendaki Tahan Hujan Pria - Hitam', 999, 200000, 'Overtrouser hiking yang sederhana, ringkas, dan tahan air ini bisa diselipkan ke dalam tas bersamaan dengan jaket anti-air untuk melindungi Anda dari hujan!\r\n\r\nLapisan coating anti-air (2,000 mm). Kelim tertutup sempurna.\r\nLapisan hidrofilik (RET=12): membatasi pengembunan di bagian dalam pakaian.', 1, 'https://contents.mediadecathlon.com/p1060502/k$ee04f3e3e0b0827ab69065ca95bac71c/nh500-protect-mens-country-walking-waterproof-over-trousers-black.jpg?format=auto&quality=70&f=1366x1366');

-- --------------------------------------------------------

--
-- Struktur dari tabel `user_data`
--

CREATE TABLE `user_data` (
  `id_user` int NOT NULL,
  `user_name` varchar(100) COLLATE utf8mb4_general_ci NOT NULL,
  `user_email` text COLLATE utf8mb4_general_ci NOT NULL,
  `user_password` varchar(100) COLLATE utf8mb4_general_ci NOT NULL,
  `user_type` varchar(5) COLLATE utf8mb4_general_ci NOT NULL
) ENGINE=InnoDB DEFAULT CHARSET=utf8mb4 COLLATE=utf8mb4_general_ci;

--
-- Dumping data untuk tabel `user_data`
--

INSERT INTO `user_data` (`id_user`, `user_name`, `user_email`, `user_password`, `user_type`) VALUES
(1, 'reza', 'rezabagus795@gmail.com088217674677reza', '202cb962ac59075b964b07152d234b70', 'user'),
(2, 'reza', 'Chikikafilani@gmail.com', '202cb962ac59075b964b07152d234b70', 'user'),
(3, 'faridpendaki', 'farid@gmail.com', '202cb962ac59075b964b07152d234b70', 'user'),
(4, 'faridpendaki', 'farid@gmail.cok', '81dc9bdb52d04dc20036dbd8313ed055', 'user'),
(5, 'avong', 'rezabagus795@gmail.com', '202cb962ac59075b964b07152d234b70', 'user'),
(6, 'test', 'testing@gmail.com', '202cb962ac59075b964b07152d234b70', 'user'),
(7, 'farid', 'farid@gmail', '202cb962ac59075b964b07152d234b70', 'user'),
(8, 'popo', 'faridgmail.com', '202cb962ac59075b964b07152d234b70', 'user'),
(9, 'Ava', 'chikikafilani@gmail.com', '034f1f1a2fefe6d6821f0c07c25db558', 'user'),
(10, 'farid', 'ahmad@gmail.com', '202cb962ac59075b964b07152d234b70', 'user'),
(11, 'reza', 'reza@gmai', '202cb962ac59075b964b07152d234b70', 'admin'),
(12, 'reza', 'r2@gmail.com', '202cb962ac59075b964b07152d234b70', 'admin'),
(13, 'Ava', 'haidilao@gmail.com', 'e10adc3949ba59abbe56e057f20f883e', 'user'),
(14, 'reza', 'rezabagus795@gmail.com', '22d7fe8c185003c98f97e5d6ced420c7', 'user'),
(15, '122', '123@gmail.com', '8ddcff3a80f4189ca1c9d4d902c3c909', 'user'),
(16, 'test', 'testingnew@gmail.com', '25d55ad283aa400af464c76d713c07ad', 'user');

--
-- Indexes for dumped tables
--

--
-- Indeks untuk tabel `detail_penjualan`
--
ALTER TABLE `detail_penjualan`
  ADD PRIMARY KEY (`id_pemesanan`),
  ADD KEY `id_produk` (`id_produk`);

--
-- Indeks untuk tabel `kategori`
--
ALTER TABLE `kategori`
  ADD PRIMARY KEY (`id_kategori`);

--
-- Indeks untuk tabel `pembayaran`
--
ALTER TABLE `pembayaran`
  ADD PRIMARY KEY (`id_pembayaran`);

--
-- Indeks untuk tabel `penjualan`
--
ALTER TABLE `penjualan`
  ADD PRIMARY KEY (`id_pembelian`),
  ADD KEY `id_user` (`id_user`);

--
-- Indeks untuk tabel `produk`
--
ALTER TABLE `produk`
  ADD PRIMARY KEY (`id_produk`),
  ADD KEY `id_kategori` (`id_kategori`);

--
-- Indeks untuk tabel `user_data`
--
ALTER TABLE `user_data`
  ADD PRIMARY KEY (`id_user`);

--
-- AUTO_INCREMENT untuk tabel yang dibuang
--

--
-- AUTO_INCREMENT untuk tabel `detail_penjualan`
--
ALTER TABLE `detail_penjualan`
  MODIFY `id_pemesanan` int NOT NULL AUTO_INCREMENT, AUTO_INCREMENT=31;

--
-- AUTO_INCREMENT untuk tabel `kategori`
--
ALTER TABLE `kategori`
  MODIFY `id_kategori` int NOT NULL AUTO_INCREMENT, AUTO_INCREMENT=9;

--
-- AUTO_INCREMENT untuk tabel `pembayaran`
--
ALTER TABLE `pembayaran`
  MODIFY `id_pembayaran` int NOT NULL AUTO_INCREMENT;

--
-- AUTO_INCREMENT untuk tabel `penjualan`
--
ALTER TABLE `penjualan`
  MODIFY `id_pembelian` int NOT NULL AUTO_INCREMENT;

--
-- AUTO_INCREMENT untuk tabel `produk`
--
ALTER TABLE `produk`
  MODIFY `id_produk` int NOT NULL AUTO_INCREMENT, AUTO_INCREMENT=129;

--
-- AUTO_INCREMENT untuk tabel `user_data`
--
ALTER TABLE `user_data`
  MODIFY `id_user` int NOT NULL AUTO_INCREMENT, AUTO_INCREMENT=17;

--
-- Ketidakleluasaan untuk tabel pelimpahan (Dumped Tables)
--

--
-- Ketidakleluasaan untuk tabel `detail_penjualan`
--
ALTER TABLE `detail_penjualan`
  ADD CONSTRAINT `id_produk_fk` FOREIGN KEY (`id_produk`) REFERENCES `produk` (`id_produk`) ON DELETE RESTRICT ON UPDATE RESTRICT;

--
-- Ketidakleluasaan untuk tabel `produk`
--
ALTER TABLE `produk`
  ADD CONSTRAINT `produk_ibfk_1` FOREIGN KEY (`id_kategori`) REFERENCES `kategori` (`id_kategori`) ON DELETE RESTRICT ON UPDATE RESTRICT;
COMMIT;

/*!40101 SET CHARACTER_SET_CLIENT=@OLD_CHARACTER_SET_CLIENT */;
/*!40101 SET CHARACTER_SET_RESULTS=@OLD_CHARACTER_SET_RESULTS */;
/*!40101 SET COLLATION_CONNECTION=@OLD_COLLATION_CONNECTION */;
